<?xml version="1.0" encoding="UTF-8"?><InteractionHistory Id="http://localhost:7020/trac-33" Version="1"><InteractionEvent Delta="null" EndDate="2010-11-08 22:36:03.500 CET" Interest="1.0" Kind="propagation" Navigation="org.eclipse.mylyn.core.model.edges.containment" OriginId="org.eclipse.mylyn.core.model.interest.propagation" StartDate="2010-11-08 22:36:03.500 CET" StructureHandle="=net.camelpe.project" StructureKind="java"/><InteractionEvent Delta="null" EndDate="2010-11-08 22:36:30.171 CET" Interest="1.0" Kind="propagation" Navigation="null" OriginId="org.eclipse.jdt.ui.PackageExplorer" StartDate="2010-11-08 22:36:30.171 CET" StructureHandle="/net.camelpe.project" StructureKind="resource"/><InteractionEvent Delta="null" EndDate="2010-11-08 22:36:03.515 CET" Interest="1.0" Kind="edit" Navigation="null" OriginId="org.maven.ide.eclipse.editor.MavenPomEditor" StartDate="2010-11-08 22:36:03.515 CET" StructureHandle="/net.camelpe.project/pom.xml" StructureKind="resource"/><InteractionEvent Delta="null" EndDate="2010-11-08 22:36:46.78 CET" Interest="1.0" Kind="propagation" Navigation="org.eclipse.mylyn.core.model.edges.containment" OriginId="org.eclipse.mylyn.core.model.interest.propagation" StartDate="2010-11-08 22:36:46.78 CET" StructureHandle="/" StructureKind="resource"/><InteractionEvent Delta="null" EndDate="2010-11-08 22:36:03.515 CET" Interest="1.0" Kind="propagation" Navigation="org.eclipse.mylyn.core.model.edges.containment" OriginId="org.eclipse.mylyn.core.model.interest.propagation" StartDate="2010-11-08 22:36:03.515 CET" StructureHandle="/" StructureKind="resource"/><InteractionEvent Delta="null" EndDate="2010-11-08 22:36:46.78 CET" Interest="1.0" Kind="edit" Navigation="null" OriginId="org.maven.ide.eclipse.editor.MavenPomEditor" StartDate="2010-11-08 22:36:46.78 CET" StructureHandle="/net.camelpe.project/pom.xml" StructureKind="resource"/><InteractionEvent Delta="null" EndDate="2010-11-08 22:36:46.750 CET" Interest="1.0" Kind="propagation" Navigation="null" OriginId="org.maven.ide.eclipse.editor.MavenPomEditor" StartDate="2010-11-08 22:36:46.750 CET" StructureHandle="/net.camelpe.project" StructureKind="resource"/><InteractionEvent Delta="null" EndDate="2010-11-08 22:39:31.656 CET" Interest="1.0" Kind="propagation" Navigation="org.eclipse.mylyn.core.model.edges.containment" OriginId="org.eclipse.mylyn.core.model.interest.propagation" StartDate="2010-11-08 22:39:31.656 CET" StructureHandle="" StructureKind="java"/><InteractionEvent Delta="null" EndDate="2010-11-08 22:36:03.500 CET" Interest="1.0" Kind="propagation" Navigation="null" OriginId="org.maven.ide.eclipse.editor.MavenPomEditor" StartDate="2010-11-08 22:36:03.500 CET" StructureHandle="/net.camelpe.project" StructureKind="resource"/><InteractionEvent Delta="null" EndDate="2010-11-08 22:36:03.500 CET" Interest="1.0" Kind="selection" Navigation="null" OriginId="org.maven.ide.eclipse.editor.MavenPomEditor" StartDate="2010-11-08 22:36:03.500 CET" StructureHandle="/net.camelpe.project/pom.xml" StructureKind="resource"/><InteractionEvent Delta="null" EndDate="2010-11-08 22:36:46.750 CET" Interest="1.0000002" Kind="propagation" Navigation="org.eclipse.mylyn.core.model.edges.containment" OriginId="org.eclipse.mylyn.core.model.interest.propagation" StartDate="2010-11-08 22:36:46.750 CET" StructureHandle="/" StructureKind="resource"/><InteractionEvent Delta="null" EndDate="2010-11-08 22:36:46.750 CET" Interest="0.39999962" Kind="propagation" Navigation="org.eclipse.mylyn.core.model.edges.containment" OriginId="org.eclipse.mylyn.core.model.interest.propagation" StartDate="2010-11-08 22:36:46.750 CET" StructureHandle="" StructureKind="java"/><InteractionEvent Delta="null" EndDate="2010-11-08 22:36:46.750 CET" Interest="0.39999986" Kind="propagation" Navigation="org.eclipse.mylyn.core.model.edges.containment" OriginId="org.eclipse.mylyn.core.model.interest.propagation" StartDate="2010-11-08 22:36:46.750 CET" StructureHandle="=net.camelpe.project" StructureKind="java"/><InteractionEvent Delta="null" EndDate="2010-11-08 22:36:30.171 CET" Interest="1.0000001" Kind="propagation" Navigation="org.eclipse.mylyn.core.model.edges.containment" OriginId="org.eclipse.mylyn.core.model.interest.propagation" StartDate="2010-11-08 22:36:30.171 CET" StructureHandle="/" StructureKind="resource"/><InteractionEvent Delta="null" EndDate="2010-11-08 22:39:31.656 CET" Interest="1.0" Kind="propagation" Navigation="org.eclipse.mylyn.core.model.edges.containment" OriginId="org.eclipse.mylyn.core.model.interest.propagation" StartDate="2010-11-08 22:39:31.656 CET" StructureHandle="/" StructureKind="resource"/><InteractionEvent Delta="null" EndDate="2010-11-08 22:36:30.171 CET" Interest="1.0" Kind="selection" Navigation="null" OriginId="org.eclipse.jdt.ui.PackageExplorer" StartDate="2010-11-08 22:36:30.171 CET" StructureHandle="=net.camelpe.project" StructureKind="java"/><InteractionEvent Delta="null" EndDate="2010-11-08 22:36:03.515 CET" Interest="1.0" Kind="propagation" Navigation="null" OriginId="org.maven.ide.eclipse.editor.MavenPomEditor" StartDate="2010-11-08 22:36:03.515 CET" StructureHandle="/net.camelpe.project" StructureKind="resource"/><InteractionEvent Delta="null" EndDate="2010-11-08 22:39:31.656 CET" Interest="1.0" Kind="propagation" Navigation="null" OriginId="org.eclipse.jdt.ui.PackageExplorer" StartDate="2010-11-08 22:39:31.656 CET" StructureHandle="/net.camelpe.project" StructureKind="resource"/><InteractionEvent Delta="null" EndDate="2010-11-08 22:36:03.515 CET" Interest="0.7000001" Kind="propagation" Navigation="org.eclipse.mylyn.core.model.edges.containment" OriginId="org.eclipse.mylyn.core.model.interest.propagation" StartDate="2010-11-08 22:36:03.515 CET" StructureHandle="" StructureKind="java"/><InteractionEvent Delta="null" EndDate="2010-11-08 22:36:03.500 CET" Interest="1.0" Kind="propagation" Navigation="org.eclipse.mylyn.core.model.edges.containment" OriginId="org.eclipse.mylyn.core.model.interest.propagation" StartDate="2010-11-08 22:36:03.500 CET" StructureHandle="" StructureKind="java"/><InteractionEvent Delta="null" EndDate="2010-11-08 22:36:46.78 CET" Interest="1.0" Kind="propagation" Navigation="null" OriginId="org.maven.ide.eclipse.editor.MavenPomEditor" StartDate="2010-11-08 22:36:46.78 CET" StructureHandle="/net.camelpe.project" StructureKind="resource"/><InteractionEvent Delta="null" EndDate="2010-11-08 22:36:46.750 CET" Interest="1.0" Kind="edit" Navigation="null" OriginId="org.maven.ide.eclipse.editor.MavenPomEditor" StartDate="2010-11-08 22:36:46.750 CET" StructureHandle="/net.camelpe.project/pom.xml" StructureKind="resource"/><InteractionEvent Delta="null" EndDate="2010-11-08 22:39:31.656 CET" Interest="1.0" Kind="selection" Navigation="null" OriginId="org.eclipse.jdt.ui.PackageExplorer" StartDate="2010-11-08 22:39:31.656 CET" StructureHandle="=net.camelpe.project" StructureKind="java"/><InteractionEvent Delta="null" EndDate="2010-11-08 22:36:03.515 CET" Interest="0.7000001" Kind="propagation" Navigation="org.eclipse.mylyn.core.model.edges.containment" OriginId="org.eclipse.mylyn.core.model.interest.propagation" StartDate="2010-11-08 22:36:03.515 CET" StructureHandle="=net.camelpe.project" StructureKind="java"/><InteractionEvent Delta="null" EndDate="2010-11-08 22:36:03.500 CET" Interest="1.0" Kind="propagation" Navigation="org.eclipse.mylyn.core.model.edges.containment" OriginId="org.eclipse.mylyn.core.model.interest.propagation" StartDate="2010-11-08 22:36:03.500 CET" StructureHandle="/" StructureKind="resource"/><InteractionEvent Delta="null" EndDate="2010-11-08 22:36:30.171 CET" Interest="1.0000001" Kind="propagation" Navigation="org.eclipse.mylyn.core.model.edges.containment" OriginId="org.eclipse.mylyn.core.model.interest.propagation" StartDate="2010-11-08 22:36:30.171 CET" StructureHandle="" StructureKind="java"/></InteractionHistory>