<?xml version="1.0" encoding="UTF-8"?><InteractionHistory Id="http://localhost:7020/trac-37" Version="1"><InteractionEvent Delta="null" EndDate="2010-11-11 23:10:24.343 CET" Interest="1.0" Kind="propagation" Navigation="null" OriginId="org.eclipse.jdt.ui.PackageExplorer" StartDate="2010-11-11 23:10:24.343 CET" StructureHandle="/net.camelpe.camelpe-extension/src/test/java/net/camelpe/extension" StructureKind="resource"/><InteractionEvent Delta="null" EndDate="2010-11-11 23:10:24.531 CET" Interest="0.06800008" Kind="propagation" Navigation="org.eclipse.mylyn.core.model.edges.containment" OriginId="org.eclipse.mylyn.core.model.interest.propagation" StartDate="2010-11-11 23:10:24.531 CET" StructureHandle="=net.camelpe.camelpe-extension/src\/test\/java" StructureKind="java"/><InteractionEvent Delta="null" EndDate="2010-11-11 23:16:15.218 CET" Interest="1.0" Kind="propagation" Navigation="org.eclipse.mylyn.core.model.edges.containment" OriginId="org.eclipse.mylyn.core.model.interest.propagation" StartDate="2010-11-11 23:16:15.218 CET" StructureHandle="/net.camelpe.camelpe-extension/src/main/java/net/camelpe/extension/camel/spi" StructureKind="resource"/><InteractionEvent Delta="null" EndDate="2010-11-11 23:19:03.390 CET" Interest="1.0" Kind="propagation" Navigation="null" OriginId="org.eclipse.jdt.ui.CompilationUnitEditor" StartDate="2010-11-11 23:19:03.390 CET" StructureHandle="/net.camelpe.camelpe-extension/src/test/java/net/camelpe/extension" StructureKind="resource"/><InteractionEvent Delta="null" EndDate="2010-11-11 23:08:56.890 CET" Interest="1.0" Kind="propagation" Navigation="org.eclipse.mylyn.core.model.edges.containment" OriginId="org.eclipse.mylyn.core.model.interest.propagation" StartDate="2010-11-11 23:08:56.890 CET" StructureHandle="/net.camelpe.camelpe-extension/src/test/java/net/camelpe" StructureKind="resource"/><InteractionEvent Delta="null" EndDate="2010-11-11 23:18:43.31 CET" Interest="1.0" Kind="propagation" Navigation="null" OriginId="org.eclipse.ui.views.ResourceNavigator" StartDate="2010-11-11 23:18:43.31 CET" StructureHandle="/net.camelpe.camelpe-extension/src/test/java/net/camelpe/extension" StructureKind="resource"/><InteractionEvent Delta="null" EndDate="2010-11-11 23:18:43.31 CET" Interest="0.9999995" Kind="propagation" Navigation="org.eclipse.mylyn.core.model.edges.containment" OriginId="org.eclipse.mylyn.core.model.interest.propagation" StartDate="2010-11-11 23:18:43.31 CET" StructureHandle="=net.camelpe.camelpe-extension/src\/test\/java&amp;lt;net.camelpe.extension" StructureKind="java"/><InteractionEvent Delta="null" EndDate="2010-11-11 23:19:02.781 CET" Interest="1.0" Kind="propagation" Navigation="org.eclipse.mylyn.core.model.edges.containment" OriginId="org.eclipse.mylyn.core.model.interest.propagation" StartDate="2010-11-11 23:19:02.781 CET" StructureHandle="/net.camelpe.camelpe-extension/src/test/java/net/camelpe" StructureKind="resource"/><InteractionEvent Delta="null" EndDate="2010-11-11 23:18:41.218 CET" Interest="1.0" Kind="propagation" Navigation="org.eclipse.mylyn.core.model.edges.containment" OriginId="org.eclipse.mylyn.core.model.interest.propagation" StartDate="2010-11-11 23:18:41.218 CET" StructureHandle="/net.camelpe.camelpe-extension/src" StructureKind="resource"/><InteractionEvent Delta="null" EndDate="2010-11-11 23:10:24.531 CET" Interest="1.0" Kind="propagation" Navigation="org.eclipse.mylyn.core.model.edges.containment" OriginId="org.eclipse.mylyn.core.model.interest.propagation" StartDate="2010-11-11 23:10:24.531 CET" StructureHandle="/net.camelpe.camelpe-extension/src/test/java/net/camelpe" StructureKind="resource"/><InteractionEvent Delta="null" EndDate="2010-11-11 23:18:43.31 CET" Interest="1.0" Kind="propagation" Navigation="org.eclipse.mylyn.core.model.edges.containment" OriginId="org.eclipse.mylyn.core.model.interest.propagation" StartDate="2010-11-11 23:18:43.31 CET" StructureHandle="/net.camelpe.camelpe-extension/src/test" StructureKind="resource"/><InteractionEvent Delta="null" EndDate="2010-11-11 23:16:15.218 CET" Interest="1.0" Kind="propagation" Navigation="org.eclipse.mylyn.core.model.edges.containment" OriginId="org.eclipse.mylyn.core.model.interest.propagation" StartDate="2010-11-11 23:16:15.218 CET" StructureHandle="/net.camelpe.camelpe-extension/src/main" StructureKind="resource"/><InteractionEvent Delta="null" EndDate="2010-11-11 23:08:56.843 CET" Interest="1.0" Kind="propagation" Navigation="null" OriginId="org.eclipse.jdt.ui.CompilationUnitEditor" StartDate="2010-11-11 23:08:56.843 CET" StructureHandle="/net.camelpe.camelpe-extension/src/test/java/net/camelpe/extension/camel/typeconverter/CdiTypeConverterBuilderInContainerTest.java" StructureKind="resource"/><InteractionEvent Delta="null" EndDate="2010-11-11 23:07:28.609 CET" Interest="1.0" Kind="propagation" Navigation="org.eclipse.mylyn.core.model.edges.containment" OriginId="org.eclipse.mylyn.core.model.interest.propagation" StartDate="2010-11-11 23:07:28.609 CET" StructureHandle="=net.camelpe.camelpe-extension/src\/main\/java&amp;lt;net.camelpe.extension" StructureKind="java"/><InteractionEvent Delta="null" EndDate="2010-11-11 23:08:59.187 CET" Interest="1.0000001" Kind="propagation" Navigation="org.eclipse.mylyn.core.model.edges.containment" OriginId="org.eclipse.mylyn.core.model.interest.propagation" StartDate="2010-11-11 23:08:59.187 CET" StructureHandle="/net.camelpe.camelpe-extension/src/test" StructureKind="resource"/><InteractionEvent Delta="null" EndDate="2010-11-11 23:07:28.609 CET" Interest="1.0" Kind="propagation" Navigation="org.eclipse.mylyn.core.model.edges.containment" OriginId="org.eclipse.mylyn.core.model.interest.propagation" StartDate="2010-11-11 23:07:28.609 CET" StructureHandle="/net.camelpe.camelpe-extension/src/main" StructureKind="resource"/><InteractionEvent Delta="null" EndDate="2010-11-11 23:10:27.890 CET" Interest="1.0" Kind="propagation" Navigation="org.eclipse.mylyn.core.model.edges.containment" OriginId="org.eclipse.mylyn.core.model.interest.propagation" StartDate="2010-11-11 23:10:27.890 CET" StructureHandle="/net.camelpe.camelpe-extension/src/test" StructureKind="resource"/><InteractionEvent Delta="null" EndDate="2010-11-11 23:08:56.859 CET" Interest="1.0" Kind="propagation" Navigation="org.eclipse.mylyn.core.model.edges.containment" OriginId="org.eclipse.mylyn.core.model.interest.propagation" StartDate="2010-11-11 23:08:56.859 CET" StructureHandle="/net.camelpe.camelpe-extension/src/test" StructureKind="resource"/><InteractionEvent Delta="null" EndDate="2010-11-11 23:07:28.328 CET" Interest="1.0" Kind="propagation" Navigation="null" OriginId="org.eclipse.jdt.ui.CompilationUnitEditor" StartDate="2010-11-11 23:07:28.328 CET" StructureHandle="/net.camelpe.camelpe-extension/src/main/java/net/camelpe/extension/CdiCamelContextLifecycleAdapter.java" StructureKind="resource"/><InteractionEvent Delta="null" EndDate="2010-11-11 23:09:41.890 CET" Interest="1.0" Kind="propagation" Navigation="org.eclipse.mylyn.core.model.edges.containment" OriginId="org.eclipse.mylyn.core.model.interest.propagation" StartDate="2010-11-11 23:09:41.890 CET" StructureHandle="/net.camelpe.camelpe-extension/src/test/java/net/camelpe" StructureKind="resource"/><InteractionEvent Delta="null" EndDate="2010-11-11 23:07:28.609 CET" Interest="1.0" Kind="propagation" Navigation="org.eclipse.mylyn.core.model.edges.containment" OriginId="org.eclipse.mylyn.core.model.interest.propagation" StartDate="2010-11-11 23:07:28.609 CET" StructureHandle="/net.camelpe.camelpe-extension/src" StructureKind="resource"/><InteractionEvent Delta="null" EndDate="2010-11-11 23:07:28.343 CET" Interest="1.0" Kind="propagation" Navigation="org.eclipse.mylyn.core.model.edges.containment" OriginId="org.eclipse.mylyn.core.model.interest.propagation" StartDate="2010-11-11 23:07:28.343 CET" StructureHandle="/" StructureKind="resource"/><InteractionEvent Delta="null" EndDate="2010-11-11 23:18:43.31 CET" Interest="1.0" Kind="propagation" Navigation="org.eclipse.mylyn.core.model.edges.containment" OriginId="org.eclipse.mylyn.core.model.interest.propagation" StartDate="2010-11-11 23:18:43.31 CET" StructureHandle="/net.camelpe.camelpe-extension/src/test/java/net" StructureKind="resource"/><InteractionEvent Delta="null" EndDate="2010-11-11 23:08:59.187 CET" Interest="0.05100012" Kind="propagation" Navigation="org.eclipse.mylyn.core.model.edges.containment" OriginId="org.eclipse.mylyn.core.model.interest.propagation" StartDate="2010-11-11 23:08:59.187 CET" StructureHandle="/" StructureKind="resource"/><InteractionEvent Delta="null" EndDate="2010-11-11 23:18:49.234 CET" Interest="1.0" Kind="selection" Navigation="null" OriginId="org.eclipse.ui.views.ResourceNavigator" StartDate="2010-11-11 23:18:49.234 CET" StructureHandle="/net.camelpe.camelpe-extension/.eclipse/launch/coverage" StructureKind="resource"/><InteractionEvent Delta="null" EndDate="2010-11-11 23:10:24.531 CET" Interest="1.0" Kind="propagation" Navigation="org.eclipse.mylyn.core.model.edges.containment" OriginId="org.eclipse.mylyn.core.model.interest.propagation" StartDate="2010-11-11 23:10:24.531 CET" StructureHandle="/net.camelpe.camelpe-extension/src/test" StructureKind="resource"/><InteractionEvent Delta="null" EndDate="2010-11-11 23:08:56.890 CET" Interest="1.0" Kind="propagation" Navigation="org.eclipse.mylyn.core.model.edges.containment" OriginId="org.eclipse.mylyn.core.model.interest.propagation" StartDate="2010-11-11 23:08:56.890 CET" StructureHandle="/net.camelpe.camelpe-extension/src/test/java/net" StructureKind="resource"/><InteractionEvent Delta="null" EndDate="2010-11-11 23:10:24.562 CET" Interest="1.0" Kind="propagation" Navigation="org.eclipse.mylyn.core.model.edges.containment" OriginId="org.eclipse.mylyn.core.model.interest.propagation" StartDate="2010-11-11 23:10:24.562 CET" StructureHandle="/net.camelpe.camelpe-extension/src/test/java/net" StructureKind="resource"/><InteractionEvent Delta="null" EndDate="2010-11-11 23:07:28.609 CET" Interest="1.0" Kind="propagation" Navigation="null" OriginId="org.eclipse.jdt.ui.CompilationUnitEditor" StartDate="2010-11-11 23:07:28.609 CET" StructureHandle="/net.camelpe.camelpe-extension/src/main/java/net/camelpe/extension/CdiCamelContextLifecycleAdapter.java" StructureKind="resource"/><InteractionEvent Delta="null" EndDate="2010-11-11 23:10:24.343 CET" Interest="1.0000002" Kind="propagation" Navigation="org.eclipse.mylyn.core.model.edges.containment" OriginId="org.eclipse.mylyn.core.model.interest.propagation" StartDate="2010-11-11 23:10:24.343 CET" StructureHandle="/net.camelpe.camelpe-extension/src/test/java/net" StructureKind="resource"/><InteractionEvent Delta="null" EndDate="2010-11-11 23:07:28.328 CET" Interest="1.0" Kind="propagation" Navigation="org.eclipse.mylyn.core.model.edges.containment" OriginId="org.eclipse.mylyn.core.model.interest.propagation" StartDate="2010-11-11 23:07:28.328 CET" StructureHandle="/net.camelpe.camelpe-extension/src/main/java/net/camelpe/extension" StructureKind="resource"/><InteractionEvent Delta="null" EndDate="2010-11-11 23:08:59.187 CET" Interest="1.0000001" Kind="propagation" Navigation="org.eclipse.mylyn.core.model.edges.containment" OriginId="org.eclipse.mylyn.core.model.interest.propagation" StartDate="2010-11-11 23:08:59.187 CET" StructureHandle="/net.camelpe.camelpe-extension/src/test/java" StructureKind="resource"/><InteractionEvent Delta="null" EndDate="2010-11-11 23:09:41.890 CET" Interest="0.99999976" Kind="propagation" Navigation="org.eclipse.mylyn.core.model.edges.containment" OriginId="org.eclipse.mylyn.core.model.interest.propagation" StartDate="2010-11-11 23:09:41.890 CET" StructureHandle="/net.camelpe.camelpe-extension/src" StructureKind="resource"/><InteractionEvent Delta="null" EndDate="2010-11-11 23:18:49.234 CET" Interest="1.0" Kind="propagation" Navigation="org.eclipse.mylyn.core.model.edges.containment" OriginId="org.eclipse.mylyn.core.model.interest.propagation" StartDate="2010-11-11 23:18:49.234 CET" StructureHandle="/net.camelpe.camelpe-extension/.eclipse" StructureKind="resource"/><InteractionEvent Delta="null" EndDate="2010-11-11 23:10:27.890 CET" Interest="1.0" Kind="propagation" Navigation="org.eclipse.mylyn.core.model.edges.containment" OriginId="org.eclipse.mylyn.core.model.interest.propagation" StartDate="2010-11-11 23:10:27.890 CET" StructureHandle="/net.camelpe.camelpe-extension/src/test/java" StructureKind="resource"/><InteractionEvent Delta="null" EndDate="2010-11-11 23:10:24.562 CET" Interest="1.0" Kind="propagation" Navigation="org.eclipse.mylyn.core.model.edges.containment" OriginId="org.eclipse.mylyn.core.model.interest.propagation" StartDate="2010-11-11 23:10:24.562 CET" StructureHandle="=net.camelpe.camelpe-extension" StructureKind="resource"/><InteractionEvent Delta="null" EndDate="2010-11-11 23:10:24.562 CET" Interest="1.0" Kind="edit" Navigation="null" OriginId="org.eclipse.jdt.ui.CompilationUnitEditor" StartDate="2010-11-11 23:10:24.562 CET" StructureHandle="=net.camelpe.camelpe-extension/src\/test\/java&amp;lt;net.camelpe.extension{CamelExtensionInContainerTest.java" StructureKind="java"/><InteractionEvent Delta="null" EndDate="2010-11-11 23:08:56.890 CET" Interest="1.0" Kind="propagation" Navigation="org.eclipse.mylyn.core.model.edges.containment" OriginId="org.eclipse.mylyn.core.model.interest.propagation" StartDate="2010-11-11 23:08:56.890 CET" StructureHandle="/net.camelpe.camelpe-extension/src/test/java" StructureKind="resource"/><InteractionEvent Delta="null" EndDate="2010-11-11 23:10:27.890 CET" Interest="1.0000005" Kind="propagation" Navigation="org.eclipse.mylyn.core.model.edges.containment" OriginId="org.eclipse.mylyn.core.model.interest.propagation" StartDate="2010-11-11 23:10:27.890 CET" StructureHandle="=net.camelpe.camelpe-extension" StructureKind="resource"/><InteractionEvent Delta="null" EndDate="2010-11-11 23:07:29.765 CET" Interest="1.0000001" Kind="propagation" Navigation="org.eclipse.mylyn.core.model.edges.containment" OriginId="org.eclipse.mylyn.core.model.interest.propagation" StartDate="2010-11-11 23:07:29.765 CET" StructureHandle="/net.camelpe.camelpe-extension/src/main/java/net" StructureKind="resource"/><InteractionEvent Delta="null" EndDate="2010-11-11 23:18:43.31 CET" Interest="1.0000005" Kind="propagation" Navigation="org.eclipse.mylyn.core.model.edges.containment" OriginId="org.eclipse.mylyn.core.model.interest.propagation" StartDate="2010-11-11 23:18:43.31 CET" StructureHandle="=net.camelpe.camelpe-extension" StructureKind="resource"/><InteractionEvent Delta="null" EndDate="2010-11-11 23:07:28.609 CET" Interest="1.0" Kind="propagation" Navigation="org.eclipse.mylyn.core.model.edges.containment" OriginId="org.eclipse.mylyn.core.model.interest.propagation" StartDate="2010-11-11 23:07:28.609 CET" StructureHandle="/net.camelpe.camelpe-extension/src/main/java/net/camelpe/extension" StructureKind="resource"/><InteractionEvent Delta="null" EndDate="2010-11-11 23:08:56.890 CET" Interest="1.0" Kind="propagation" Navigation="org.eclipse.mylyn.core.model.edges.containment" OriginId="org.eclipse.mylyn.core.model.interest.propagation" StartDate="2010-11-11 23:08:56.890 CET" StructureHandle="=net.camelpe.camelpe-extension/src\/test\/java&amp;lt;net.camelpe.extension.camel.typeconverter" StructureKind="java"/><InteractionEvent Delta="null" EndDate="2010-11-11 23:07:28.609 CET" Interest="1.0" Kind="propagation" Navigation="org.eclipse.mylyn.core.model.edges.containment" OriginId="org.eclipse.mylyn.core.model.interest.propagation" StartDate="2010-11-11 23:07:28.609 CET" StructureHandle="/net.camelpe.camelpe-extension/src/main/java" StructureKind="resource"/><InteractionEvent Delta="null" EndDate="2010-11-11 23:18:43.31 CET" Interest="1.0" Kind="selection" Navigation="null" OriginId="org.eclipse.ui.views.ResourceNavigator" StartDate="2010-11-11 23:18:43.31 CET" StructureHandle="=net.camelpe.camelpe-extension/src\/test\/java&amp;lt;net.camelpe.extension{CamelExtensionInContainerTest.java" StructureKind="java"/><InteractionEvent Delta="null" EndDate="2010-11-11 23:08:56.859 CET" Interest="1.0" Kind="propagation" Navigation="org.eclipse.mylyn.core.model.edges.containment" OriginId="org.eclipse.mylyn.core.model.interest.propagation" StartDate="2010-11-11 23:08:56.859 CET" StructureHandle="/net.camelpe.camelpe-extension/src/test/java/net/camelpe" StructureKind="resource"/><InteractionEvent Delta="null" EndDate="2010-11-11 23:07:29.765 CET" Interest="1.0" Kind="selection" Navigation="null" OriginId="org.eclipse.jdt.ui.CompilationUnitEditor" StartDate="2010-11-11 23:07:29.765 CET" StructureHandle="=net.camelpe.camelpe-extension/src\/main\/java&amp;lt;net.camelpe.extension{CdiCamelContextLifecycleAdapter.java[CdiCamelContextLifecycleAdapter[CdiBean~create~QCreationalContext\&amp;lt;QCdiCamelContextLifecycleAdapter;&amp;gt;;" StructureKind="java"/><InteractionEvent Delta="null" EndDate="2010-11-11 23:10:24.343 CET" Interest="1.0000002" Kind="propagation" Navigation="org.eclipse.mylyn.core.model.edges.containment" OriginId="org.eclipse.mylyn.core.model.interest.propagation" StartDate="2010-11-11 23:10:24.343 CET" StructureHandle="/net.camelpe.camelpe-extension/src/test" StructureKind="resource"/><InteractionEvent Delta="null" EndDate="2010-11-11 23:07:29.765 CET" Interest="1.0000001" Kind="propagation" Navigation="org.eclipse.mylyn.core.model.edges.containment" OriginId="org.eclipse.mylyn.core.model.interest.propagation" StartDate="2010-11-11 23:07:29.765 CET" StructureHandle="/net.camelpe.camelpe-extension/src/main/java/net/camelpe" StructureKind="resource"/><InteractionEvent Delta="null" EndDate="2010-11-11 23:08:59.187 CET" Interest="1.0000001" Kind="propagation" Navigation="org.eclipse.mylyn.core.model.edges.containment" OriginId="org.eclipse.mylyn.core.model.interest.propagation" StartDate="2010-11-11 23:08:59.187 CET" StructureHandle="/net.camelpe.camelpe-extension/src/test/java/net/camelpe/extension/camel/typeconverter" StructureKind="resource"/><InteractionEvent Delta="null" EndDate="2010-11-11 23:18:41.218 CET" Interest="1.0" Kind="propagation" Navigation="null" OriginId="org.eclipse.ui.views.ResourceNavigator" StartDate="2010-11-11 23:18:41.218 CET" StructureHandle="/net.camelpe.camelpe-extension/src/test/java/net/camelpe/extension" StructureKind="resource"/><InteractionEvent Delta="null" EndDate="2010-11-11 23:19:02.781 CET" Interest="1.0" Kind="propagation" Navigation="org.eclipse.mylyn.core.model.edges.containment" OriginId="org.eclipse.mylyn.core.model.interest.propagation" StartDate="2010-11-11 23:19:02.781 CET" StructureHandle="/net.camelpe.camelpe-extension/src/test" StructureKind="resource"/><InteractionEvent Delta="null" EndDate="2010-11-11 23:07:28.328 CET" Interest="1.0" Kind="selection" Navigation="null" OriginId="org.eclipse.jdt.ui.CompilationUnitEditor" StartDate="2010-11-11 23:07:28.328 CET" StructureHandle="=net.camelpe.camelpe-extension/src\/main\/java&amp;lt;net.camelpe.extension{CdiCamelContextLifecycleAdapter.java" StructureKind="java"/><InteractionEvent Delta="null" EndDate="2010-11-11 23:10:24.562 CET" Interest="1.0" Kind="propagation" Navigation="org.eclipse.mylyn.core.model.edges.containment" OriginId="org.eclipse.mylyn.core.model.interest.propagation" StartDate="2010-11-11 23:10:24.562 CET" StructureHandle="/net.camelpe.camelpe-extension/src/test/java/net/camelpe" StructureKind="resource"/><InteractionEvent Delta="null" EndDate="2010-11-11 23:07:28.343 CET" Interest="1.0" Kind="propagation" Navigation="org.eclipse.mylyn.core.model.edges.containment" OriginId="org.eclipse.mylyn.core.model.interest.propagation" StartDate="2010-11-11 23:07:28.343 CET" StructureHandle="=net.camelpe.camelpe-extension/src\/main\/java" StructureKind="java"/><InteractionEvent Delta="null" EndDate="2010-11-11 23:07:29.765 CET" Interest="1.0000001" Kind="propagation" Navigation="org.eclipse.mylyn.core.model.edges.containment" OriginId="org.eclipse.mylyn.core.model.interest.propagation" StartDate="2010-11-11 23:07:29.765 CET" StructureHandle="/net.camelpe.camelpe-extension/src" StructureKind="resource"/><InteractionEvent Delta="null" EndDate="2010-11-11 23:10:24.531 CET" Interest="1.0" Kind="propagation" Navigation="null" OriginId="org.eclipse.jdt.ui.CompilationUnitEditor" StartDate="2010-11-11 23:10:24.531 CET" StructureHandle="/net.camelpe.camelpe-extension/src/test/java/net/camelpe/extension/CamelExtensionInContainerTest.java" StructureKind="resource"/><InteractionEvent Delta="null" EndDate="2010-11-11 23:19:03.390 CET" Interest="1.0" Kind="propagation" Navigation="org.eclipse.mylyn.core.model.edges.containment" OriginId="org.eclipse.mylyn.core.model.interest.propagation" StartDate="2010-11-11 23:19:03.390 CET" StructureHandle="/net.camelpe.camelpe-extension/src/test/java" StructureKind="resource"/><InteractionEvent Delta="null" EndDate="2010-11-11 23:08:56.890 CET" Interest="1.0" Kind="propagation" Navigation="org.eclipse.mylyn.core.model.edges.containment" OriginId="org.eclipse.mylyn.core.model.interest.propagation" StartDate="2010-11-11 23:08:56.890 CET" StructureHandle="/net.camelpe.camelpe-extension/src/test" StructureKind="resource"/><InteractionEvent Delta="null" EndDate="2010-11-11 23:08:59.187 CET" Interest="1.0" Kind="propagation" Navigation="null" OriginId="org.eclipse.jdt.ui.CompilationUnitEditor" StartDate="2010-11-11 23:08:59.187 CET" StructureHandle="/net.camelpe.camelpe-extension/src/test/java/net/camelpe/extension/camel/typeconverter/CdiTypeConverterBuilderInContainerTest.java" StructureKind="resource"/><InteractionEvent Delta="null" EndDate="2010-11-11 23:10:27.890 CET" Interest="1.0" Kind="propagation" Navigation="null" OriginId="org.eclipse.jdt.ui.CompilationUnitEditor" StartDate="2010-11-11 23:10:27.890 CET" StructureHandle="/net.camelpe.camelpe-extension/src/test/java/net/camelpe/extension" StructureKind="resource"/><InteractionEvent Delta="null" EndDate="2010-11-11 23:10:27.890 CET" Interest="1.0" Kind="propagation" Navigation="org.eclipse.mylyn.core.model.edges.containment" OriginId="org.eclipse.mylyn.core.model.interest.propagation" StartDate="2010-11-11 23:10:27.890 CET" StructureHandle="/net.camelpe.camelpe-extension/src/test/java/net" StructureKind="resource"/><InteractionEvent Delta="null" EndDate="2010-11-11 23:08:56.843 CET" Interest="1.0" Kind="propagation" Navigation="org.eclipse.mylyn.core.model.edges.containment" OriginId="org.eclipse.mylyn.core.model.interest.propagation" StartDate="2010-11-11 23:08:56.843 CET" StructureHandle="/net.camelpe.camelpe-extension/src/test/java/net/camelpe/extension/camel/typeconverter" StructureKind="resource"/><InteractionEvent Delta="null" EndDate="2010-11-11 23:19:03.390 CET" Interest="1.000001" Kind="propagation" Navigation="org.eclipse.mylyn.core.model.edges.containment" OriginId="org.eclipse.mylyn.core.model.interest.propagation" StartDate="2010-11-11 23:19:03.390 CET" StructureHandle="=net.camelpe.camelpe-extension" StructureKind="resource"/><InteractionEvent Delta="null" EndDate="2010-11-11 23:10:24.343 CET" Interest="2.3841858E-7" Kind="propagation" Navigation="org.eclipse.mylyn.core.model.edges.containment" OriginId="org.eclipse.mylyn.core.model.interest.propagation" StartDate="2010-11-11 23:10:24.343 CET" StructureHandle="/net.camelpe.camelpe-extension/src" StructureKind="resource"/><InteractionEvent Delta="null" EndDate="2010-11-11 23:18:43.31 CET" Interest="1.0" Kind="propagation" Navigation="null" OriginId="org.eclipse.ui.views.ResourceNavigator" StartDate="2010-11-11 23:18:43.31 CET" StructureHandle="/net.camelpe.camelpe-extension/src/test/java/net/camelpe/extension/CamelExtensionInContainerTest.java" StructureKind="resource"/><InteractionEvent Delta="null" EndDate="2010-11-11 23:08:59.187 CET" Interest="0.05100012" Kind="propagation" Navigation="org.eclipse.mylyn.core.model.edges.containment" OriginId="org.eclipse.mylyn.core.model.interest.propagation" StartDate="2010-11-11 23:08:59.187 CET" StructureHandle="/net.camelpe.camelpe-extension/src" StructureKind="resource"/><InteractionEvent Delta="null" EndDate="2010-11-11 23:10:24.531 CET" Interest="1.0" Kind="propagation" Navigation="null" OriginId="org.eclipse.jdt.ui.CompilationUnitEditor" StartDate="2010-11-11 23:10:24.531 CET" StructureHandle="/net.camelpe.camelpe-extension/src/test/java/net/camelpe/extension" StructureKind="resource"/><InteractionEvent Delta="null" EndDate="2010-11-11 23:07:28.609 CET" Interest="1.0" Kind="selection" Navigation="null" OriginId="org.eclipse.jdt.ui.CompilationUnitEditor" StartDate="2010-11-11 23:07:28.609 CET" StructureHandle="=net.camelpe.camelpe-extension/src\/main\/java&amp;lt;net.camelpe.extension{CdiCamelContextLifecycleAdapter.java" StructureKind="java"/><InteractionEvent Delta="null" EndDate="2010-11-11 23:08:59.187 CET" Interest="1.0000001" Kind="propagation" Navigation="org.eclipse.mylyn.core.model.edges.containment" OriginId="org.eclipse.mylyn.core.model.interest.propagation" StartDate="2010-11-11 23:08:59.187 CET" StructureHandle="/net.camelpe.camelpe-extension/src/test/java/net" StructureKind="resource"/><InteractionEvent Delta="null" EndDate="2010-11-11 23:10:24.531 CET" Interest="1.0" Kind="propagation" Navigation="org.eclipse.mylyn.core.model.edges.containment" OriginId="org.eclipse.mylyn.core.model.interest.propagation" StartDate="2010-11-11 23:10:24.531 CET" StructureHandle="/net.camelpe.camelpe-extension/src/test/java/net" StructureKind="resource"/><InteractionEvent Delta="null" EndDate="2010-11-11 23:10:24.562 CET" Interest="1.0" Kind="propagation" Navigation="org.eclipse.mylyn.core.model.edges.containment" OriginId="org.eclipse.mylyn.core.model.interest.propagation" StartDate="2010-11-11 23:10:24.562 CET" StructureHandle="/net.camelpe.camelpe-extension/src/test" StructureKind="resource"/><InteractionEvent Delta="null" EndDate="2010-11-11 23:08:56.859 CET" Interest="1.0" Kind="propagation" Navigation="org.eclipse.mylyn.core.model.edges.containment" OriginId="org.eclipse.mylyn.core.model.interest.propagation" StartDate="2010-11-11 23:08:56.859 CET" StructureHandle="/net.camelpe.camelpe-extension/src/test/java/net" StructureKind="resource"/><InteractionEvent Delta="null" EndDate="2010-11-11 23:07:28.609 CET" Interest="1.0" Kind="propagation" Navigation="org.eclipse.mylyn.core.model.edges.containment" OriginId="org.eclipse.mylyn.core.model.interest.propagation" StartDate="2010-11-11 23:07:28.609 CET" StructureHandle="/" StructureKind="resource"/><InteractionEvent Delta="null" EndDate="2010-11-11 23:07:28.343 CET" Interest="1.0" Kind="propagation" Navigation="org.eclipse.mylyn.core.model.edges.containment" OriginId="org.eclipse.mylyn.core.model.interest.propagation" StartDate="2010-11-11 23:07:28.343 CET" StructureHandle="/net.camelpe.camelpe-extension/src" StructureKind="resource"/><InteractionEvent Delta="null" EndDate="2010-11-11 23:07:28.343 CET" Interest="1.0" Kind="propagation" Navigation="org.eclipse.mylyn.core.model.edges.containment" OriginId="org.eclipse.mylyn.core.model.interest.propagation" StartDate="2010-11-11 23:07:28.343 CET" StructureHandle="/net.camelpe.camelpe-extension/src/main/java" StructureKind="resource"/><InteractionEvent Delta="null" EndDate="2010-11-11 23:16:15.218 CET" Interest="1.0" Kind="propagation" Navigation="org.eclipse.mylyn.core.model.edges.containment" OriginId="org.eclipse.mylyn.core.model.interest.propagation" StartDate="2010-11-11 23:16:15.218 CET" StructureHandle="/net.camelpe.camelpe-extension/src/main/java/net/camelpe/extension/camel" StructureKind="resource"/><InteractionEvent Delta="null" EndDate="2010-11-11 23:07:29.765 CET" Interest="1.0000001" Kind="propagation" Navigation="org.eclipse.mylyn.core.model.edges.containment" OriginId="org.eclipse.mylyn.core.model.interest.propagation" StartDate="2010-11-11 23:07:29.765 CET" StructureHandle="/net.camelpe.camelpe-extension/src/main/java" StructureKind="resource"/><InteractionEvent Delta="null" EndDate="2010-11-11 23:09:41.890 CET" Interest="1.0" Kind="propagation" Navigation="null" OriginId="org.eclipse.jdt.ui.CompilationUnitEditor" StartDate="2010-11-11 23:09:41.890 CET" StructureHandle="/net.camelpe.camelpe-extension/src/test/java/net/camelpe/extension/camel/typeconverter/CdiTypeConverterBuilderInContainerTest.java" StructureKind="resource"/><InteractionEvent Delta="null" EndDate="2010-11-11 23:07:28.343 CET" Interest="1.0" Kind="propagation" Navigation="org.eclipse.mylyn.core.model.edges.containment" OriginId="org.eclipse.mylyn.core.model.interest.propagation" StartDate="2010-11-11 23:07:28.343 CET" StructureHandle="=net.camelpe.camelpe-extension" StructureKind="resource"/><InteractionEvent Delta="null" EndDate="2010-11-11 23:07:28.343 CET" Interest="1.0" Kind="propagation" Navigation="org.eclipse.mylyn.core.model.edges.containment" OriginId="org.eclipse.mylyn.core.model.interest.propagation" StartDate="2010-11-11 23:07:28.343 CET" StructureHandle="/net.camelpe.camelpe-extension/src/main/java/net" StructureKind="resource"/><InteractionEvent Delta="null" EndDate="2010-11-11 23:08:56.890 CET" Interest="1.0" Kind="propagation" Navigation="org.eclipse.mylyn.core.model.edges.containment" OriginId="org.eclipse.mylyn.core.model.interest.propagation" StartDate="2010-11-11 23:08:56.890 CET" StructureHandle="/net.camelpe.camelpe-extension/src/test/java/net/camelpe/extension/camel/typeconverter" StructureKind="resource"/><InteractionEvent Delta="null" EndDate="2010-11-11 23:19:02.781 CET" Interest="1.0" Kind="selection" Navigation="null" OriginId="org.eclipse.jdt.ui.CompilationUnitEditor" StartDate="2010-11-11 23:19:02.781 CET" StructureHandle="=net.camelpe.camelpe-extension/src\/test\/java&amp;lt;net.camelpe.extension{CamelExtensionInContainerTest.java[CamelExtensionInContainerTest" StructureKind="java"/><InteractionEvent Delta="null" EndDate="2010-11-11 23:18:41.218 CET" Interest="1.0" Kind="selection" Navigation="null" OriginId="org.eclipse.ui.views.ResourceNavigator" StartDate="2010-11-11 23:18:41.218 CET" StructureHandle="=net.camelpe.camelpe-extension/src\/test\/java&amp;lt;net.camelpe.extension{CamelExtensionInContainerTest.java" StructureKind="java"/><InteractionEvent Delta="null" EndDate="2010-11-11 23:19:03.390 CET" Interest="1.0" Kind="propagation" Navigation="org.eclipse.mylyn.core.model.edges.containment" OriginId="org.eclipse.mylyn.core.model.interest.propagation" StartDate="2010-11-11 23:19:03.390 CET" StructureHandle="/net.camelpe.camelpe-extension/src/test" StructureKind="resource"/><InteractionEvent Delta="null" EndDate="2010-11-11 23:19:02.781 CET" Interest="0.99999905" Kind="propagation" Navigation="org.eclipse.mylyn.core.model.edges.containment" OriginId="org.eclipse.mylyn.core.model.interest.propagation" StartDate="2010-11-11 23:19:02.781 CET" StructureHandle="/net.camelpe.camelpe-extension/src" StructureKind="resource"/><InteractionEvent Delta="null" EndDate="2010-11-11 23:18:41.218 CET" Interest="1.0" Kind="propagation" Navigation="null" OriginId="org.eclipse.ui.views.ResourceNavigator" StartDate="2010-11-11 23:18:41.218 CET" StructureHandle="/net.camelpe.camelpe-extension/src/test/java/net/camelpe/extension/CamelExtensionInContainerTest.java" StructureKind="resource"/><InteractionEvent Delta="null" EndDate="2010-11-11 23:08:56.890 CET" Interest="1.0" Kind="propagation" Navigation="null" OriginId="org.eclipse.jdt.ui.CompilationUnitEditor" StartDate="2010-11-11 23:08:56.890 CET" StructureHandle="/net.camelpe.camelpe-extension/src/test/java/net/camelpe/extension/camel/typeconverter/CdiTypeConverterBuilderInContainerTest.java" StructureKind="resource"/><InteractionEvent Delta="null" EndDate="2010-11-11 23:08:56.859 CET" Interest="1.0" Kind="propagation" Navigation="org.eclipse.mylyn.core.model.edges.containment" OriginId="org.eclipse.mylyn.core.model.interest.propagation" StartDate="2010-11-11 23:08:56.859 CET" StructureHandle="/net.camelpe.camelpe-extension/src/test/java" StructureKind="resource"/><InteractionEvent Delta="null" EndDate="2010-11-11 23:08:59.187 CET" Interest="0.05100012" Kind="propagation" Navigation="org.eclipse.mylyn.core.model.edges.containment" OriginId="org.eclipse.mylyn.core.model.interest.propagation" StartDate="2010-11-11 23:08:59.187 CET" StructureHandle="=net.camelpe.camelpe-extension" StructureKind="resource"/><InteractionEvent Delta="null" EndDate="2010-11-11 23:10:24.343 CET" Interest="1.0" Kind="propagation" Navigation="null" OriginId="org.eclipse.jdt.ui.PackageExplorer" StartDate="2010-11-11 23:10:24.343 CET" StructureHandle="/net.camelpe.camelpe-extension/src/test/java/net/camelpe/extension/CamelExtensionInContainerTest.java" StructureKind="resource"/><InteractionEvent Delta="null" EndDate="2010-11-11 23:08:56.859 CET" Interest="1.0" Kind="propagation" Navigation="org.eclipse.mylyn.core.model.edges.containment" OriginId="org.eclipse.mylyn.core.model.interest.propagation" StartDate="2010-11-11 23:08:56.859 CET" StructureHandle="=net.camelpe.camelpe-extension/src\/test\/java" StructureKind="java"/><InteractionEvent Delta="null" EndDate="2010-11-11 23:08:56.859 CET" Interest="1.0" Kind="propagation" Navigation="org.eclipse.mylyn.core.model.edges.containment" OriginId="org.eclipse.mylyn.core.model.interest.propagation" StartDate="2010-11-11 23:08:56.859 CET" StructureHandle="=net.camelpe.camelpe-extension/src\/test\/java&amp;lt;net.camelpe.extension.camel.typeconverter" StructureKind="java"/><InteractionEvent Delta="null" EndDate="2010-11-11 23:09:41.890 CET" Interest="1.0" Kind="propagation" Navigation="org.eclipse.mylyn.core.model.edges.containment" OriginId="org.eclipse.mylyn.core.model.interest.propagation" StartDate="2010-11-11 23:09:41.890 CET" StructureHandle="/net.camelpe.camelpe-extension/src/test/java/net/camelpe/extension" StructureKind="resource"/><InteractionEvent Delta="null" EndDate="2010-11-11 23:19:02.781 CET" Interest="0.99999905" Kind="propagation" Navigation="org.eclipse.mylyn.core.model.edges.containment" OriginId="org.eclipse.mylyn.core.model.interest.propagation" StartDate="2010-11-11 23:19:02.781 CET" StructureHandle="=net.camelpe.camelpe-extension" StructureKind="resource"/><InteractionEvent Delta="null" EndDate="2010-11-11 23:18:41.218 CET" Interest="1.0" Kind="propagation" Navigation="org.eclipse.mylyn.core.model.edges.containment" OriginId="org.eclipse.mylyn.core.model.interest.propagation" StartDate="2010-11-11 23:18:41.218 CET" StructureHandle="/net.camelpe.camelpe-extension/src/test/java" StructureKind="resource"/><InteractionEvent Delta="null" EndDate="2010-11-11 23:19:03.390 CET" Interest="1.0" Kind="propagation" Navigation="null" OriginId="org.eclipse.jdt.ui.CompilationUnitEditor" StartDate="2010-11-11 23:19:03.390 CET" StructureHandle="/net.camelpe.camelpe-extension/src/test/java/net/camelpe/extension/CamelExtensionInContainerTest.java" StructureKind="resource"/><InteractionEvent Delta="null" EndDate="2010-11-11 23:16:15.218 CET" Interest="1.0" Kind="selection" Navigation="null" OriginId="com.mountainminds.eclemma.ui.CoverageView" StartDate="2010-11-11 23:16:15.218 CET" StructureHandle="=net.camelpe.camelpe-extension/src\/main\/java&amp;lt;net.camelpe.extension.camel.spi{CdiRegistry.java" StructureKind="java"/><InteractionEvent Delta="null" EndDate="2010-11-11 23:10:24.562 CET" Interest="1.0" Kind="propagation" Navigation="null" OriginId="org.eclipse.jdt.ui.CompilationUnitEditor" StartDate="2010-11-11 23:10:24.562 CET" StructureHandle="/net.camelpe.camelpe-extension/src/test/java/net/camelpe/extension/CamelExtensionInContainerTest.java" StructureKind="resource"/><InteractionEvent Delta="null" EndDate="2010-11-11 23:10:24.562 CET" Interest="1.0" Kind="propagation" Navigation="null" OriginId="org.eclipse.jdt.ui.CompilationUnitEditor" StartDate="2010-11-11 23:10:24.562 CET" StructureHandle="/net.camelpe.camelpe-extension/src/test/java/net/camelpe/extension" StructureKind="resource"/><InteractionEvent Delta="null" EndDate="2010-11-11 23:07:28.609 CET" Interest="1.0" Kind="propagation" Navigation="org.eclipse.mylyn.core.model.edges.containment" OriginId="org.eclipse.mylyn.core.model.interest.propagation" StartDate="2010-11-11 23:07:28.609 CET" StructureHandle="=net.camelpe.camelpe-extension/src\/main\/java" StructureKind="java"/><InteractionEvent Delta="null" EndDate="2010-11-11 23:08:59.187 CET" Interest="1.0000001" Kind="propagation" Navigation="org.eclipse.mylyn.core.model.edges.containment" OriginId="org.eclipse.mylyn.core.model.interest.propagation" StartDate="2010-11-11 23:08:59.187 CET" StructureHandle="/net.camelpe.camelpe-extension/src/test/java/net/camelpe/extension" StructureKind="resource"/><InteractionEvent Delta="null" EndDate="2010-11-11 23:19:03.390 CET" Interest="1.0" Kind="propagation" Navigation="org.eclipse.mylyn.core.model.edges.containment" OriginId="org.eclipse.mylyn.core.model.interest.propagation" StartDate="2010-11-11 23:19:03.390 CET" StructureHandle="/net.camelpe.camelpe-extension/src/test/java/net" StructureKind="resource"/><InteractionEvent Delta="null" EndDate="2010-11-11 23:10:24.531 CET" Interest="1.0" Kind="propagation" Navigation="org.eclipse.mylyn.core.model.edges.containment" OriginId="org.eclipse.mylyn.core.model.interest.propagation" StartDate="2010-11-11 23:10:24.531 CET" StructureHandle="/net.camelpe.camelpe-extension/src/test/java" StructureKind="resource"/><InteractionEvent Delta="null" EndDate="2010-11-11 23:07:29.765 CET" Interest="1.0" Kind="propagation" Navigation="org.eclipse.mylyn.core.model.edges.containment" OriginId="org.eclipse.mylyn.core.model.interest.propagation" StartDate="2010-11-11 23:07:29.765 CET" StructureHandle="=net.camelpe.camelpe-extension/src\/main\/java&amp;lt;net.camelpe.extension{CdiCamelContextLifecycleAdapter.java[CdiCamelContextLifecycleAdapter" StructureKind="java"/><InteractionEvent Delta="null" EndDate="2010-11-11 23:18:49.234 CET" Interest="1.0" Kind="propagation" Navigation="org.eclipse.mylyn.core.model.edges.containment" OriginId="org.eclipse.mylyn.core.model.interest.propagation" StartDate="2010-11-11 23:18:49.234 CET" StructureHandle="/net.camelpe.camelpe-extension/.eclipse/launch" StructureKind="resource"/><InteractionEvent Delta="null" EndDate="2010-11-11 23:16:15.218 CET" Interest="1.0" Kind="propagation" Navigation="null" OriginId="com.mountainminds.eclemma.ui.CoverageView" StartDate="2010-11-11 23:16:15.218 CET" StructureHandle="/net.camelpe.camelpe-extension/src/main/java" StructureKind="resource"/><InteractionEvent Delta="null" EndDate="2010-11-11 23:10:27.890 CET" Interest="1.0" Kind="propagation" Navigation="null" OriginId="org.eclipse.jdt.ui.CompilationUnitEditor" StartDate="2010-11-11 23:10:27.890 CET" StructureHandle="/net.camelpe.camelpe-extension/src/test/java/net/camelpe/extension/CamelExtensionInContainerTest.java" StructureKind="resource"/><InteractionEvent Delta="null" EndDate="2010-11-11 23:08:59.187 CET" Interest="1.0" Kind="selection" Navigation="null" OriginId="org.eclipse.jdt.ui.CompilationUnitEditor" StartDate="2010-11-11 23:08:59.187 CET" StructureHandle="=net.camelpe.camelpe-extension/src\/test\/java&amp;lt;net.camelpe.extension.camel.typeconverter{CdiTypeConverterBuilderInContainerTest.java[CdiTypeConverterBuilderInContainerTest" StructureKind="java"/><InteractionEvent Delta="null" EndDate="2010-11-11 23:10:27.890 CET" Interest="1.0" Kind="selection" Navigation="null" OriginId="org.eclipse.jdt.ui.CompilationUnitEditor" StartDate="2010-11-11 23:10:27.890 CET" StructureHandle="=net.camelpe.camelpe-extension/src\/test\/java&amp;lt;net.camelpe.extension{CamelExtensionInContainerTest.java[CamelExtensionInContainerTest" StructureKind="java"/><InteractionEvent Delta="null" EndDate="2010-11-11 23:18:43.31 CET" Interest="0.9999995" Kind="propagation" Navigation="org.eclipse.mylyn.core.model.edges.containment" OriginId="org.eclipse.mylyn.core.model.interest.propagation" StartDate="2010-11-11 23:18:43.31 CET" StructureHandle="=net.camelpe.camelpe-extension/src\/test\/java" StructureKind="java"/><InteractionEvent Delta="null" EndDate="2010-11-11 23:07:28.343 CET" Interest="1.0" Kind="propagation" Navigation="org.eclipse.mylyn.core.model.edges.containment" OriginId="org.eclipse.mylyn.core.model.interest.propagation" StartDate="2010-11-11 23:07:28.343 CET" StructureHandle="/net.camelpe.camelpe-extension/src/main" StructureKind="resource"/><InteractionEvent Delta="null" EndDate="2010-11-11 23:16:15.218 CET" Interest="1.0" Kind="propagation" Navigation="null" OriginId="com.mountainminds.eclemma.ui.CoverageView" StartDate="2010-11-11 23:16:15.218 CET" StructureHandle="/net.camelpe.camelpe-extension/src/main/java/net/camelpe/extension/camel/spi/CdiRegistry.java" StructureKind="resource"/><InteractionEvent Delta="null" EndDate="2010-11-11 23:10:24.562 CET" Interest="1.0" Kind="propagation" Navigation="org.eclipse.mylyn.core.model.edges.containment" OriginId="org.eclipse.mylyn.core.model.interest.propagation" StartDate="2010-11-11 23:10:24.562 CET" StructureHandle="/" StructureKind="resource"/><InteractionEvent Delta="null" EndDate="2010-11-11 23:10:24.562 CET" Interest="1.0" Kind="propagation" Navigation="org.eclipse.mylyn.core.model.edges.containment" OriginId="org.eclipse.mylyn.core.model.interest.propagation" StartDate="2010-11-11 23:10:24.562 CET" StructureHandle="/net.camelpe.camelpe-extension/src" StructureKind="resource"/><InteractionEvent Delta="null" EndDate="2010-11-11 23:10:24.531 CET" Interest="0.99999976" Kind="propagation" Navigation="org.eclipse.mylyn.core.model.edges.containment" OriginId="org.eclipse.mylyn.core.model.interest.propagation" StartDate="2010-11-11 23:10:24.531 CET" StructureHandle="/" StructureKind="resource"/><InteractionEvent Delta="null" EndDate="2010-11-11 23:07:29.765 CET" Interest="1.0000001" Kind="propagation" Navigation="org.eclipse.mylyn.core.model.edges.containment" OriginId="org.eclipse.mylyn.core.model.interest.propagation" StartDate="2010-11-11 23:07:29.765 CET" StructureHandle="/net.camelpe.camelpe-extension/src/main" StructureKind="resource"/><InteractionEvent Delta="null" EndDate="2010-11-11 23:18:41.218 CET" Interest="1.0" Kind="propagation" Navigation="org.eclipse.mylyn.core.model.edges.containment" OriginId="org.eclipse.mylyn.core.model.interest.propagation" StartDate="2010-11-11 23:18:41.218 CET" StructureHandle="/net.camelpe.camelpe-extension/src/test/java/net/camelpe" StructureKind="resource"/><InteractionEvent Delta="null" EndDate="2010-11-11 23:18:41.218 CET" Interest="1.0000005" Kind="propagation" Navigation="org.eclipse.mylyn.core.model.edges.containment" OriginId="org.eclipse.mylyn.core.model.interest.propagation" StartDate="2010-11-11 23:18:41.218 CET" StructureHandle="/" StructureKind="resource"/><InteractionEvent Delta="null" EndDate="2010-11-11 23:09:41.890 CET" Interest="0.9999995" Kind="propagation" Navigation="org.eclipse.mylyn.core.model.edges.containment" OriginId="org.eclipse.mylyn.core.model.interest.propagation" StartDate="2010-11-11 23:09:41.890 CET" StructureHandle="=net.camelpe.camelpe-extension" StructureKind="resource"/><InteractionEvent Delta="null" EndDate="2010-11-11 23:18:41.218 CET" Interest="0.99999976" Kind="propagation" Navigation="org.eclipse.mylyn.core.model.edges.containment" OriginId="org.eclipse.mylyn.core.model.interest.propagation" StartDate="2010-11-11 23:18:41.218 CET" StructureHandle="=net.camelpe.camelpe-extension/src\/test\/java&amp;lt;net.camelpe.extension" StructureKind="java"/><InteractionEvent Delta="null" EndDate="2010-11-11 23:09:41.890 CET" Interest="1.0" Kind="propagation" Navigation="org.eclipse.mylyn.core.model.edges.containment" OriginId="org.eclipse.mylyn.core.model.interest.propagation" StartDate="2010-11-11 23:09:41.890 CET" StructureHandle="/net.camelpe.camelpe-extension/src/test/java/net" StructureKind="resource"/><InteractionEvent Delta="null" EndDate="2010-11-11 23:09:41.890 CET" Interest="1.0" Kind="propagation" Navigation="org.eclipse.mylyn.core.model.edges.containment" OriginId="org.eclipse.mylyn.core.model.interest.propagation" StartDate="2010-11-11 23:09:41.890 CET" StructureHandle="/net.camelpe.camelpe-extension/src/test" StructureKind="resource"/><InteractionEvent Delta="null" EndDate="2010-11-11 23:19:02.781 CET" Interest="1.0" Kind="propagation" Navigation="null" OriginId="org.eclipse.jdt.ui.CompilationUnitEditor" StartDate="2010-11-11 23:19:02.781 CET" StructureHandle="/net.camelpe.camelpe-extension/src/test/java/net/camelpe/extension" StructureKind="resource"/><InteractionEvent Delta="null" EndDate="2010-11-11 23:18:43.31 CET" Interest="1.0000005" Kind="propagation" Navigation="org.eclipse.mylyn.core.model.edges.containment" OriginId="org.eclipse.mylyn.core.model.interest.propagation" StartDate="2010-11-11 23:18:43.31 CET" StructureHandle="/" StructureKind="resource"/><InteractionEvent Delta="null" EndDate="2010-11-11 23:07:29.765 CET" Interest="1.0" Kind="propagation" Navigation="null" OriginId="org.eclipse.jdt.ui.CompilationUnitEditor" StartDate="2010-11-11 23:07:29.765 CET" StructureHandle="/net.camelpe.camelpe-extension/src/main/java/net/camelpe/extension/CdiCamelContextLifecycleAdapter.java" StructureKind="resource"/><InteractionEvent Delta="null" EndDate="2010-11-11 23:08:56.890 CET" Interest="1.0" Kind="selection" Navigation="null" OriginId="org.eclipse.jdt.ui.CompilationUnitEditor" StartDate="2010-11-11 23:08:56.890 CET" StructureHandle="=net.camelpe.camelpe-extension/src\/test\/java&amp;lt;net.camelpe.extension.camel.typeconverter{CdiTypeConverterBuilderInContainerTest.java" StructureKind="java"/><InteractionEvent Delta="null" EndDate="2010-11-11 23:19:03.390 CET" Interest="1.0" Kind="propagation" Navigation="org.eclipse.mylyn.core.model.edges.containment" OriginId="org.eclipse.mylyn.core.model.interest.propagation" StartDate="2010-11-11 23:19:03.390 CET" StructureHandle="/net.camelpe.camelpe-extension/src/test/java/net/camelpe" StructureKind="resource"/><InteractionEvent Delta="null" EndDate="2010-11-11 23:08:56.890 CET" Interest="1.0" Kind="propagation" Navigation="org.eclipse.mylyn.core.model.edges.containment" OriginId="org.eclipse.mylyn.core.model.interest.propagation" StartDate="2010-11-11 23:08:56.890 CET" StructureHandle="=net.camelpe.camelpe-extension/src\/test\/java" StructureKind="java"/><InteractionEvent Delta="null" EndDate="2010-11-11 23:19:03.390 CET" Interest="1.000001" Kind="propagation" Navigation="org.eclipse.mylyn.core.model.edges.containment" OriginId="org.eclipse.mylyn.core.model.interest.propagation" StartDate="2010-11-11 23:19:03.390 CET" StructureHandle="/" StructureKind="resource"/><InteractionEvent Delta="null" EndDate="2010-11-11 23:09:41.890 CET" Interest="1.0" Kind="selection" Navigation="null" OriginId="org.eclipse.jdt.ui.CompilationUnitEditor" StartDate="2010-11-11 23:09:41.890 CET" StructureHandle="=net.camelpe.camelpe-extension/src\/test\/java&amp;lt;net.camelpe.extension.camel.typeconverter{CdiTypeConverterBuilderInContainerTest.java[CdiTypeConverterBuilderInContainerTest~createTestArchive" StructureKind="java"/><InteractionEvent Delta="null" EndDate="2010-11-11 23:19:03.390 CET" Interest="1.000001" Kind="propagation" Navigation="org.eclipse.mylyn.core.model.edges.containment" OriginId="org.eclipse.mylyn.core.model.interest.propagation" StartDate="2010-11-11 23:19:03.390 CET" StructureHandle="/net.camelpe.camelpe-extension/src" StructureKind="resource"/><InteractionEvent Delta="null" EndDate="2010-11-11 23:19:03.390 CET" Interest="4.7683716E-7" Kind="propagation" Navigation="org.eclipse.mylyn.core.model.edges.containment" OriginId="org.eclipse.mylyn.core.model.interest.propagation" StartDate="2010-11-11 23:19:03.390 CET" StructureHandle="=net.camelpe.camelpe-extension/src\/test\/java" StructureKind="java"/><InteractionEvent Delta="null" EndDate="2010-11-11 23:07:28.609 CET" Interest="1.0" Kind="propagation" Navigation="org.eclipse.mylyn.core.model.edges.containment" OriginId="org.eclipse.mylyn.core.model.interest.propagation" StartDate="2010-11-11 23:07:28.609 CET" StructureHandle="=net.camelpe.camelpe-extension" StructureKind="resource"/><InteractionEvent Delta="null" EndDate="2010-11-11 23:18:41.218 CET" Interest="1.0000005" Kind="propagation" Navigation="org.eclipse.mylyn.core.model.edges.containment" OriginId="org.eclipse.mylyn.core.model.interest.propagation" StartDate="2010-11-11 23:18:41.218 CET" StructureHandle="=net.camelpe.camelpe-extension" StructureKind="resource"/><InteractionEvent Delta="null" EndDate="2010-11-11 23:07:28.609 CET" Interest="1.0" Kind="propagation" Navigation="org.eclipse.mylyn.core.model.edges.containment" OriginId="org.eclipse.mylyn.core.model.interest.propagation" StartDate="2010-11-11 23:07:28.609 CET" StructureHandle="/net.camelpe.camelpe-extension/src/main/java/net" StructureKind="resource"/><InteractionEvent Delta="null" EndDate="2010-11-11 23:16:15.218 CET" Interest="1.0" Kind="propagation" Navigation="org.eclipse.mylyn.core.model.edges.containment" OriginId="org.eclipse.mylyn.core.model.interest.propagation" StartDate="2010-11-11 23:16:15.218 CET" StructureHandle="=net.camelpe.camelpe-extension/src\/main\/java&amp;lt;net.camelpe.extension.camel.spi" StructureKind="java"/><InteractionEvent Delta="null" EndDate="2010-11-11 23:08:59.187 CET" Interest="1.0000001" Kind="propagation" Navigation="org.eclipse.mylyn.core.model.edges.containment" OriginId="org.eclipse.mylyn.core.model.interest.propagation" StartDate="2010-11-11 23:08:59.187 CET" StructureHandle="/net.camelpe.camelpe-extension/src/test/java/net/camelpe/extension/camel" StructureKind="resource"/><InteractionEvent Delta="null" EndDate="2010-11-11 23:07:29.765 CET" Interest="1.0000001" Kind="propagation" Navigation="org.eclipse.mylyn.core.model.edges.containment" OriginId="org.eclipse.mylyn.core.model.interest.propagation" StartDate="2010-11-11 23:07:29.765 CET" StructureHandle="=net.camelpe.camelpe-extension" StructureKind="resource"/><InteractionEvent Delta="null" EndDate="2010-11-11 23:07:29.765 CET" Interest="1.0000001" Kind="propagation" Navigation="org.eclipse.mylyn.core.model.edges.containment" OriginId="org.eclipse.mylyn.core.model.interest.propagation" StartDate="2010-11-11 23:07:29.765 CET" StructureHandle="/net.camelpe.camelpe-extension/src/main/java/net/camelpe/extension" StructureKind="resource"/><InteractionEvent Delta="null" EndDate="2010-11-11 23:10:24.562 CET" Interest="1.0" Kind="propagation" Navigation="org.eclipse.mylyn.core.model.edges.containment" OriginId="org.eclipse.mylyn.core.model.interest.propagation" StartDate="2010-11-11 23:10:24.562 CET" StructureHandle="/net.camelpe.camelpe-extension/src/test/java" StructureKind="resource"/><InteractionEvent Delta="null" EndDate="2010-11-11 23:09:41.890 CET" Interest="1.0" Kind="propagation" Navigation="org.eclipse.mylyn.core.model.edges.containment" OriginId="org.eclipse.mylyn.core.model.interest.propagation" StartDate="2010-11-11 23:09:41.890 CET" StructureHandle="/net.camelpe.camelpe-extension/src/test/java/net/camelpe/extension/camel/typeconverter" StructureKind="resource"/><InteractionEvent Delta="null" EndDate="2010-11-11 23:19:03.390 CET" Interest="1.0" Kind="selection" Navigation="null" OriginId="org.eclipse.jdt.ui.CompilationUnitEditor" StartDate="2010-11-11 23:19:03.390 CET" StructureHandle="=net.camelpe.camelpe-extension/src\/test\/java&amp;lt;net.camelpe.extension{CamelExtensionInContainerTest.java[CamelExtensionInContainerTest^camelContext" StructureKind="java"/><InteractionEvent Delta="null" EndDate="2010-11-11 23:08:56.843 CET" Interest="1.0" Kind="selection" Navigation="null" OriginId="org.eclipse.jdt.ui.CompilationUnitEditor" StartDate="2010-11-11 23:08:56.843 CET" StructureHandle="=net.camelpe.camelpe-extension/src\/test\/java&amp;lt;net.camelpe.extension.camel.typeconverter{CdiTypeConverterBuilderInContainerTest.java" StructureKind="java"/><InteractionEvent Delta="null" EndDate="2010-11-11 23:09:41.890 CET" Interest="0.01700002" Kind="propagation" Navigation="org.eclipse.mylyn.core.model.edges.containment" OriginId="org.eclipse.mylyn.core.model.interest.propagation" StartDate="2010-11-11 23:09:41.890 CET" StructureHandle="=net.camelpe.camelpe-extension/src\/test\/java&amp;lt;net.camelpe.extension.camel.typeconverter{CdiTypeConverterBuilderInContainerTest.java[CdiTypeConverterBuilderInContainerTest" StructureKind="java"/><InteractionEvent Delta="null" EndDate="2010-11-11 23:08:59.187 CET" Interest="1.0000001" Kind="propagation" Navigation="org.eclipse.mylyn.core.model.edges.containment" OriginId="org.eclipse.mylyn.core.model.interest.propagation" StartDate="2010-11-11 23:08:59.187 CET" StructureHandle="/net.camelpe.camelpe-extension/src/test/java/net/camelpe" StructureKind="resource"/><InteractionEvent Delta="null" EndDate="2010-11-11 23:08:56.890 CET" Interest="1.0" Kind="propagation" Navigation="org.eclipse.mylyn.core.model.edges.containment" OriginId="org.eclipse.mylyn.core.model.interest.propagation" StartDate="2010-11-11 23:08:56.890 CET" StructureHandle="/net.camelpe.camelpe-extension/src/test/java/net/camelpe/extension/camel" StructureKind="resource"/><InteractionEvent Delta="null" EndDate="2010-11-11 23:09:41.890 CET" Interest="1.0" Kind="propagation" Navigation="org.eclipse.mylyn.core.model.edges.containment" OriginId="org.eclipse.mylyn.core.model.interest.propagation" StartDate="2010-11-11 23:09:41.890 CET" StructureHandle="/net.camelpe.camelpe-extension/src/test/java" StructureKind="resource"/><InteractionEvent Delta="null" EndDate="2010-11-11 23:07:28.343 CET" Interest="1.0" Kind="propagation" Navigation="org.eclipse.mylyn.core.model.edges.containment" OriginId="org.eclipse.mylyn.core.model.interest.propagation" StartDate="2010-11-11 23:07:28.343 CET" StructureHandle="=net.camelpe.camelpe-extension/src\/main\/java&amp;lt;net.camelpe.extension" StructureKind="java"/><InteractionEvent Delta="null" EndDate="2010-11-11 23:08:56.843 CET" Interest="1.0" Kind="propagation" Navigation="org.eclipse.mylyn.core.model.edges.containment" OriginId="org.eclipse.mylyn.core.model.interest.propagation" StartDate="2010-11-11 23:08:56.843 CET" StructureHandle="/net.camelpe.camelpe-extension/src/test/java/net/camelpe/extension" StructureKind="resource"/><InteractionEvent Delta="null" EndDate="2010-11-11 23:10:24.531 CET" Interest="1.0000002" Kind="propagation" Navigation="org.eclipse.mylyn.core.model.edges.containment" OriginId="org.eclipse.mylyn.core.model.interest.propagation" StartDate="2010-11-11 23:10:24.531 CET" StructureHandle="/net.camelpe.camelpe-extension/src" StructureKind="resource"/><InteractionEvent Delta="null" EndDate="2010-11-11 23:19:02.781 CET" Interest="0.99999905" Kind="propagation" Navigation="org.eclipse.mylyn.core.model.edges.containment" OriginId="org.eclipse.mylyn.core.model.interest.propagation" StartDate="2010-11-11 23:19:02.781 CET" StructureHandle="/" StructureKind="resource"/><InteractionEvent Delta="null" EndDate="2010-11-11 23:10:24.531 CET" Interest="1.0" Kind="selection" Navigation="null" OriginId="org.eclipse.jdt.ui.CompilationUnitEditor" StartDate="2010-11-11 23:10:24.531 CET" StructureHandle="=net.camelpe.camelpe-extension/src\/test\/java&amp;lt;net.camelpe.extension{CamelExtensionInContainerTest.java" StructureKind="java"/><InteractionEvent Delta="null" EndDate="2010-11-11 23:10:24.531 CET" Interest="1.0" Kind="propagation" Navigation="org.eclipse.mylyn.core.model.edges.containment" OriginId="org.eclipse.mylyn.core.model.interest.propagation" StartDate="2010-11-11 23:10:24.531 CET" StructureHandle="=net.camelpe.camelpe-extension/src\/test\/java&amp;lt;net.camelpe.extension" StructureKind="java"/><InteractionEvent Delta="null" EndDate="2010-11-11 23:07:29.765 CET" Interest="1.0000001" Kind="propagation" Navigation="org.eclipse.mylyn.core.model.edges.containment" OriginId="org.eclipse.mylyn.core.model.interest.propagation" StartDate="2010-11-11 23:07:29.765 CET" StructureHandle="/" StructureKind="resource"/><InteractionEvent Delta="null" EndDate="2010-11-11 23:07:29.765 CET" Interest="1.0" Kind="propagation" Navigation="org.eclipse.mylyn.core.model.edges.containment" OriginId="org.eclipse.mylyn.core.model.interest.propagation" StartDate="2010-11-11 23:07:29.765 CET" StructureHandle="=net.camelpe.camelpe-extension/src\/main\/java&amp;lt;net.camelpe.extension{CdiCamelContextLifecycleAdapter.java[CdiCamelContextLifecycleAdapter[CdiBean" StructureKind="java"/><InteractionEvent Delta="null" EndDate="2010-11-11 23:09:41.890 CET" Interest="1.0" Kind="propagation" Navigation="org.eclipse.mylyn.core.model.edges.containment" OriginId="org.eclipse.mylyn.core.model.interest.propagation" StartDate="2010-11-11 23:09:41.890 CET" StructureHandle="/net.camelpe.camelpe-extension/src/test/java/net/camelpe/extension/camel" StructureKind="resource"/><InteractionEvent Delta="null" EndDate="2010-11-11 23:19:02.781 CET" Interest="1.0" Kind="propagation" Navigation="org.eclipse.mylyn.core.model.edges.containment" OriginId="org.eclipse.mylyn.core.model.interest.propagation" StartDate="2010-11-11 23:19:02.781 CET" StructureHandle="/net.camelpe.camelpe-extension/src/test/java/net" StructureKind="resource"/><InteractionEvent Delta="null" EndDate="2010-11-11 23:10:27.890 CET" Interest="1.0" Kind="propagation" Navigation="org.eclipse.mylyn.core.model.edges.containment" OriginId="org.eclipse.mylyn.core.model.interest.propagation" StartDate="2010-11-11 23:10:27.890 CET" StructureHandle="/net.camelpe.camelpe-extension/src/test/java/net/camelpe" StructureKind="resource"/><InteractionEvent Delta="null" EndDate="2010-11-11 23:07:28.609 CET" Interest="1.0" Kind="propagation" Navigation="org.eclipse.mylyn.core.model.edges.containment" OriginId="org.eclipse.mylyn.core.model.interest.propagation" StartDate="2010-11-11 23:07:28.609 CET" StructureHandle="/net.camelpe.camelpe-extension/src/main/java/net/camelpe" StructureKind="resource"/><InteractionEvent Delta="null" EndDate="2010-11-11 23:10:27.890 CET" Interest="1.0000005" Kind="propagation" Navigation="org.eclipse.mylyn.core.model.edges.containment" OriginId="org.eclipse.mylyn.core.model.interest.propagation" StartDate="2010-11-11 23:10:27.890 CET" StructureHandle="/net.camelpe.camelpe-extension/src" StructureKind="resource"/><InteractionEvent Delta="null" EndDate="2010-11-11 23:18:43.31 CET" Interest="0.9999995" Kind="propagation" Navigation="org.eclipse.mylyn.core.model.edges.containment" OriginId="org.eclipse.mylyn.core.model.interest.propagation" StartDate="2010-11-11 23:18:43.31 CET" StructureHandle="/net.camelpe.camelpe-extension/src" StructureKind="resource"/><InteractionEvent Delta="null" EndDate="2010-11-11 23:18:41.218 CET" Interest="1.0" Kind="propagation" Navigation="org.eclipse.mylyn.core.model.edges.containment" OriginId="org.eclipse.mylyn.core.model.interest.propagation" StartDate="2010-11-11 23:18:41.218 CET" StructureHandle="/net.camelpe.camelpe-extension/src/test" StructureKind="resource"/><InteractionEvent Delta="null" EndDate="2010-11-11 23:10:24.562 CET" Interest="0.70000017" Kind="propagation" Navigation="org.eclipse.mylyn.core.model.edges.containment" OriginId="org.eclipse.mylyn.core.model.interest.propagation" StartDate="2010-11-11 23:10:24.562 CET" StructureHandle="=net.camelpe.camelpe-extension/src\/test\/java&amp;lt;net.camelpe.extension" StructureKind="java"/><InteractionEvent Delta="null" EndDate="2010-11-11 23:19:02.781 CET" Interest="1.0" Kind="propagation" Navigation="org.eclipse.mylyn.core.model.edges.containment" OriginId="org.eclipse.mylyn.core.model.interest.propagation" StartDate="2010-11-11 23:19:02.781 CET" StructureHandle="/net.camelpe.camelpe-extension/src/test/java" StructureKind="resource"/><InteractionEvent Delta="null" EndDate="2010-11-11 23:10:24.328 CET" Interest="1.0" Kind="selection" Navigation="null" OriginId="org.eclipse.jdt.ui.PackageExplorer" StartDate="2010-11-11 23:10:24.328 CET" StructureHandle="=net.camelpe.camelpe-extension/src\/test\/java&amp;lt;net.camelpe.extension{CamelExtensionInContainerTest.java" StructureKind="java"/><InteractionEvent Delta="null" EndDate="2010-11-11 23:10:24.343 CET" Interest="1.0000002" Kind="propagation" Navigation="org.eclipse.mylyn.core.model.edges.containment" OriginId="org.eclipse.mylyn.core.model.interest.propagation" StartDate="2010-11-11 23:10:24.343 CET" StructureHandle="/net.camelpe.camelpe-extension/src/test/java/net/camelpe" StructureKind="resource"/><InteractionEvent Delta="null" EndDate="2010-11-11 23:19:02.781 CET" Interest="1.0" Kind="propagation" Navigation="null" OriginId="org.eclipse.jdt.ui.CompilationUnitEditor" StartDate="2010-11-11 23:19:02.781 CET" StructureHandle="/net.camelpe.camelpe-extension/src/test/java/net/camelpe/extension/CamelExtensionInContainerTest.java" StructureKind="resource"/><InteractionEvent Delta="null" EndDate="2010-11-11 23:18:41.218 CET" Interest="0.99999976" Kind="propagation" Navigation="org.eclipse.mylyn.core.model.edges.containment" OriginId="org.eclipse.mylyn.core.model.interest.propagation" StartDate="2010-11-11 23:18:41.218 CET" StructureHandle="=net.camelpe.camelpe-extension/src\/test\/java" StructureKind="java"/><InteractionEvent Delta="null" EndDate="2010-11-11 23:09:41.890 CET" Interest="0.9999995" Kind="propagation" Navigation="org.eclipse.mylyn.core.model.edges.containment" OriginId="org.eclipse.mylyn.core.model.interest.propagation" StartDate="2010-11-11 23:09:41.890 CET" StructureHandle="/" StructureKind="resource"/><InteractionEvent Delta="null" EndDate="2010-11-11 23:08:56.843 CET" Interest="1.0" Kind="propagation" Navigation="org.eclipse.mylyn.core.model.edges.containment" OriginId="org.eclipse.mylyn.core.model.interest.propagation" StartDate="2010-11-11 23:08:56.843 CET" StructureHandle="/net.camelpe.camelpe-extension/src/test/java/net/camelpe/extension/camel" StructureKind="resource"/><InteractionEvent Delta="null" EndDate="2010-11-11 23:08:56.890 CET" Interest="1.0" Kind="propagation" Navigation="org.eclipse.mylyn.core.model.edges.containment" OriginId="org.eclipse.mylyn.core.model.interest.propagation" StartDate="2010-11-11 23:08:56.890 CET" StructureHandle="/net.camelpe.camelpe-extension/src/test/java/net/camelpe/extension" StructureKind="resource"/><InteractionEvent Delta="null" EndDate="2010-11-11 23:10:27.890 CET" Interest="1.0000005" Kind="propagation" Navigation="org.eclipse.mylyn.core.model.edges.containment" OriginId="org.eclipse.mylyn.core.model.interest.propagation" StartDate="2010-11-11 23:10:27.890 CET" StructureHandle="/" StructureKind="resource"/><InteractionEvent Delta="null" EndDate="2010-11-11 23:10:24.343 CET" Interest="1.0000002" Kind="propagation" Navigation="org.eclipse.mylyn.core.model.edges.containment" OriginId="org.eclipse.mylyn.core.model.interest.propagation" StartDate="2010-11-11 23:10:24.343 CET" StructureHandle="/net.camelpe.camelpe-extension/src/test/java" StructureKind="resource"/><InteractionEvent Delta="null" EndDate="2010-11-11 23:18:43.31 CET" Interest="1.0" Kind="propagation" Navigation="org.eclipse.mylyn.core.model.edges.containment" OriginId="org.eclipse.mylyn.core.model.interest.propagation" StartDate="2010-11-11 23:18:43.31 CET" StructureHandle="/net.camelpe.camelpe-extension/src/test/java" StructureKind="resource"/><InteractionEvent Delta="null" EndDate="2010-11-11 23:18:41.218 CET" Interest="1.0" Kind="propagation" Navigation="org.eclipse.mylyn.core.model.edges.containment" OriginId="org.eclipse.mylyn.core.model.interest.propagation" StartDate="2010-11-11 23:18:41.218 CET" StructureHandle="/net.camelpe.camelpe-extension/src/test/java/net" StructureKind="resource"/><InteractionEvent Delta="null" EndDate="2010-11-11 23:10:24.562 CET" Interest="0.7000003" Kind="propagation" Navigation="org.eclipse.mylyn.core.model.edges.containment" OriginId="org.eclipse.mylyn.core.model.interest.propagation" StartDate="2010-11-11 23:10:24.562 CET" StructureHandle="=net.camelpe.camelpe-extension/src\/test\/java" StructureKind="java"/><InteractionEvent Delta="null" EndDate="2010-11-11 23:07:28.328 CET" Interest="1.0" Kind="propagation" Navigation="org.eclipse.mylyn.core.model.edges.containment" OriginId="org.eclipse.mylyn.core.model.interest.propagation" StartDate="2010-11-11 23:07:28.328 CET" StructureHandle="/net.camelpe.camelpe-extension/src/main/java/net/camelpe" StructureKind="resource"/><InteractionEvent Delta="null" EndDate="2010-11-11 23:10:24.531 CET" Interest="0.99999976" Kind="propagation" Navigation="org.eclipse.mylyn.core.model.edges.containment" OriginId="org.eclipse.mylyn.core.model.interest.propagation" StartDate="2010-11-11 23:10:24.531 CET" StructureHandle="=net.camelpe.camelpe-extension" StructureKind="resource"/><InteractionEvent Delta="null" EndDate="2010-11-11 23:10:24.343 CET" Interest="1.0" Kind="propagation" Navigation="org.eclipse.mylyn.core.model.edges.containment" OriginId="org.eclipse.mylyn.core.model.interest.propagation" StartDate="2010-11-11 23:10:24.343 CET" StructureHandle="=net.camelpe.camelpe-extension/src\/test\/java&amp;lt;net.camelpe.extension" StructureKind="java"/><InteractionEvent Delta="null" EndDate="2010-11-11 23:18:43.31 CET" Interest="1.0" Kind="propagation" Navigation="org.eclipse.mylyn.core.model.edges.containment" OriginId="org.eclipse.mylyn.core.model.interest.propagation" StartDate="2010-11-11 23:18:43.31 CET" StructureHandle="/net.camelpe.camelpe-extension/src/test/java/net/camelpe" StructureKind="resource"/></InteractionHistory>