<?xml version="1.0" encoding="UTF-8"?><InteractionHistory Id="http://localhost:7020/trac-36" Version="1"><InteractionEvent Delta="null" EndDate="2010-11-11 01:07:46.828 CET" Interest="0.6999998" Kind="propagation" Navigation="org.eclipse.mylyn.core.model.edges.containment" OriginId="org.eclipse.mylyn.core.model.interest.propagation" StartDate="2010-11-11 01:07:46.828 CET" StructureHandle="" StructureKind="java"/><InteractionEvent Delta="null" EndDate="2010-11-11 01:07:53.890 CET" Interest="1.0" Kind="propagation" Navigation="null" OriginId="org.maven.ide.eclipse.editor.MavenPomEditor" StartDate="2010-11-11 01:07:53.890 CET" StructureHandle="/net.camelpe.project" StructureKind="resource"/><InteractionEvent Delta="null" EndDate="2010-11-11 01:07:46.828 CET" Interest="1.0" Kind="propagation" Navigation="null" OriginId="org.maven.ide.eclipse.editor.MavenPomEditor" StartDate="2010-11-11 01:07:46.828 CET" StructureHandle="/net.camelpe.project" StructureKind="resource"/><InteractionEvent Delta="null" EndDate="2010-11-11 01:07:31.671 CET" Interest="0.7000001" Kind="propagation" Navigation="org.eclipse.mylyn.core.model.edges.containment" OriginId="org.eclipse.mylyn.core.model.interest.propagation" StartDate="2010-11-11 01:07:31.671 CET" StructureHandle="" StructureKind="java"/><InteractionEvent Delta="null" EndDate="2010-11-11 01:07:51.953 CET" Interest="0.7000003" Kind="propagation" Navigation="org.eclipse.mylyn.core.model.edges.containment" OriginId="org.eclipse.mylyn.core.model.interest.propagation" StartDate="2010-11-11 01:07:51.953 CET" StructureHandle="" StructureKind="java"/><InteractionEvent Delta="null" EndDate="2010-11-11 01:07:45.625 CET" Interest="1.0" Kind="edit" Navigation="null" OriginId="org.maven.ide.eclipse.editor.MavenPomEditor" StartDate="2010-11-11 01:07:45.625 CET" StructureHandle="/net.camelpe.project/pom.xml" StructureKind="resource"/><InteractionEvent Delta="null" EndDate="2010-11-11 01:07:49.921 CET" Interest="1.0000002" Kind="propagation" Navigation="org.eclipse.mylyn.core.model.edges.containment" OriginId="org.eclipse.mylyn.core.model.interest.propagation" StartDate="2010-11-11 01:07:49.921 CET" StructureHandle="/" StructureKind="resource"/><InteractionEvent Delta="null" EndDate="2010-11-11 01:07:31.671 CET" Interest="1.0" Kind="propagation" Navigation="org.eclipse.mylyn.core.model.edges.containment" OriginId="org.eclipse.mylyn.core.model.interest.propagation" StartDate="2010-11-11 01:07:31.671 CET" StructureHandle="/" StructureKind="resource"/><InteractionEvent Delta="null" EndDate="2010-11-11 01:07:31.671 CET" Interest="1.0" Kind="edit" Navigation="null" OriginId="org.maven.ide.eclipse.editor.MavenPomEditor" StartDate="2010-11-11 01:07:31.671 CET" StructureHandle="/net.camelpe.project/pom.xml" StructureKind="resource"/><InteractionEvent Delta="null" EndDate="2010-11-11 01:07:45.625 CET" Interest="0.70000017" Kind="propagation" Navigation="org.eclipse.mylyn.core.model.edges.containment" OriginId="org.eclipse.mylyn.core.model.interest.propagation" StartDate="2010-11-11 01:07:45.625 CET" StructureHandle="" StructureKind="java"/><InteractionEvent Delta="null" EndDate="2010-11-11 01:07:50.671 CET" Interest="0.70000005" Kind="propagation" Navigation="org.eclipse.mylyn.core.model.edges.containment" OriginId="org.eclipse.mylyn.core.model.interest.propagation" StartDate="2010-11-11 01:07:50.671 CET" StructureHandle="" StructureKind="java"/><InteractionEvent Delta="null" EndDate="2010-11-11 01:05:49.78 CET" Interest="1.0" Kind="propagation" Navigation="org.eclipse.mylyn.core.model.edges.containment" OriginId="org.eclipse.mylyn.core.model.interest.propagation" StartDate="2010-11-11 01:05:49.78 CET" StructureHandle="" StructureKind="java"/><InteractionEvent Delta="null" EndDate="2010-11-11 01:07:51.375 CET" Interest="1.0" Kind="edit" Navigation="null" OriginId="org.maven.ide.eclipse.editor.MavenPomEditor" StartDate="2010-11-11 01:07:51.375 CET" StructureHandle="/net.camelpe.project/pom.xml" StructureKind="resource"/><InteractionEvent Delta="null" EndDate="2010-11-11 01:07:51.953 CET" Interest="1.0" Kind="propagation" Navigation="null" OriginId="org.maven.ide.eclipse.editor.MavenPomEditor" StartDate="2010-11-11 01:07:51.953 CET" StructureHandle="/net.camelpe.project" StructureKind="resource"/><InteractionEvent Delta="null" EndDate="2010-11-11 01:07:49.921 CET" Interest="0.70000005" Kind="propagation" Navigation="org.eclipse.mylyn.core.model.edges.containment" OriginId="org.eclipse.mylyn.core.model.interest.propagation" StartDate="2010-11-11 01:07:49.921 CET" StructureHandle="" StructureKind="java"/><InteractionEvent Delta="null" EndDate="2010-11-11 01:07:46.828 CET" Interest="1.0" Kind="edit" Navigation="null" OriginId="org.maven.ide.eclipse.editor.MavenPomEditor" StartDate="2010-11-11 01:07:46.828 CET" StructureHandle="/net.camelpe.project/pom.xml" StructureKind="resource"/><InteractionEvent Delta="null" EndDate="2010-11-11 01:07:51.375 CET" Interest="1.0" Kind="propagation" Navigation="null" OriginId="org.maven.ide.eclipse.editor.MavenPomEditor" StartDate="2010-11-11 01:07:51.375 CET" StructureHandle="/net.camelpe.project" StructureKind="resource"/><InteractionEvent Delta="null" EndDate="2010-11-11 01:07:31.671 CET" Interest="0.7000001" Kind="propagation" Navigation="org.eclipse.mylyn.core.model.edges.containment" OriginId="org.eclipse.mylyn.core.model.interest.propagation" StartDate="2010-11-11 01:07:31.671 CET" StructureHandle="=net.camelpe.project" StructureKind="java"/><InteractionEvent Delta="null" EndDate="2010-11-11 01:07:51.953 CET" Interest="1.0" Kind="edit" Navigation="null" OriginId="org.maven.ide.eclipse.editor.MavenPomEditor" StartDate="2010-11-11 01:07:51.953 CET" StructureHandle="/net.camelpe.project/pom.xml" StructureKind="resource"/><InteractionEvent Delta="null" EndDate="2010-11-11 01:07:49.921 CET" Interest="1.0" Kind="edit" Navigation="null" OriginId="org.maven.ide.eclipse.editor.MavenPomEditor" StartDate="2010-11-11 01:07:49.921 CET" StructureHandle="/net.camelpe.project/pom.xml" StructureKind="resource"/><InteractionEvent Delta="null" EndDate="2010-11-11 01:07:51.375 CET" Interest="1.0" Kind="propagation" Navigation="org.eclipse.mylyn.core.model.edges.containment" OriginId="org.eclipse.mylyn.core.model.interest.propagation" StartDate="2010-11-11 01:07:51.375 CET" StructureHandle="/" StructureKind="resource"/><InteractionEvent Delta="null" EndDate="2010-11-11 01:07:51.375 CET" Interest="0.6999998" Kind="propagation" Navigation="org.eclipse.mylyn.core.model.edges.containment" OriginId="org.eclipse.mylyn.core.model.interest.propagation" StartDate="2010-11-11 01:07:51.375 CET" StructureHandle="" StructureKind="java"/><InteractionEvent Delta="null" EndDate="2010-11-11 01:07:55.671 CET" Interest="0.6999998" Kind="propagation" Navigation="org.eclipse.mylyn.core.model.edges.containment" OriginId="org.eclipse.mylyn.core.model.interest.propagation" StartDate="2010-11-11 01:07:55.671 CET" StructureHandle="" StructureKind="java"/><InteractionEvent Delta="null" EndDate="2010-11-11 01:07:46.828 CET" Interest="1.0" Kind="propagation" Navigation="org.eclipse.mylyn.core.model.edges.containment" OriginId="org.eclipse.mylyn.core.model.interest.propagation" StartDate="2010-11-11 01:07:46.828 CET" StructureHandle="/" StructureKind="resource"/><InteractionEvent Delta="null" EndDate="2010-11-11 01:07:49.921 CET" Interest="0.70000005" Kind="propagation" Navigation="org.eclipse.mylyn.core.model.edges.containment" OriginId="org.eclipse.mylyn.core.model.interest.propagation" StartDate="2010-11-11 01:07:49.921 CET" StructureHandle="=net.camelpe.project" StructureKind="java"/><InteractionEvent Delta="null" EndDate="2010-11-11 01:05:49.78 CET" Interest="1.0" Kind="propagation" Navigation="org.eclipse.mylyn.core.model.edges.containment" OriginId="org.eclipse.mylyn.core.model.interest.propagation" StartDate="2010-11-11 01:05:49.78 CET" StructureHandle="=net.camelpe.project" StructureKind="java"/><InteractionEvent Delta="null" EndDate="2010-11-11 01:07:50.671 CET" Interest="0.70000005" Kind="propagation" Navigation="org.eclipse.mylyn.core.model.edges.containment" OriginId="org.eclipse.mylyn.core.model.interest.propagation" StartDate="2010-11-11 01:07:50.671 CET" StructureHandle="=net.camelpe.project" StructureKind="java"/><InteractionEvent Delta="null" EndDate="2010-11-11 01:07:31.671 CET" Interest="1.0" Kind="propagation" Navigation="null" OriginId="org.maven.ide.eclipse.editor.MavenPomEditor" StartDate="2010-11-11 01:07:31.671 CET" StructureHandle="/net.camelpe.project" StructureKind="resource"/><InteractionEvent Delta="null" EndDate="2010-11-11 01:07:55.671 CET" Interest="1.0" Kind="propagation" Navigation="org.eclipse.mylyn.core.model.edges.containment" OriginId="org.eclipse.mylyn.core.model.interest.propagation" StartDate="2010-11-11 01:07:55.671 CET" StructureHandle="/" StructureKind="resource"/><InteractionEvent Delta="null" EndDate="2010-11-11 01:07:45.625 CET" Interest="1.0000001" Kind="propagation" Navigation="org.eclipse.mylyn.core.model.edges.containment" OriginId="org.eclipse.mylyn.core.model.interest.propagation" StartDate="2010-11-11 01:07:45.625 CET" StructureHandle="/" StructureKind="resource"/><InteractionEvent Delta="null" EndDate="2010-11-11 01:07:53.890 CET" Interest="0.6999998" Kind="propagation" Navigation="org.eclipse.mylyn.core.model.edges.containment" OriginId="org.eclipse.mylyn.core.model.interest.propagation" StartDate="2010-11-11 01:07:53.890 CET" StructureHandle="=net.camelpe.project" StructureKind="java"/><InteractionEvent Delta="null" EndDate="2010-11-11 01:07:45.625 CET" Interest="0.70000017" Kind="propagation" Navigation="org.eclipse.mylyn.core.model.edges.containment" OriginId="org.eclipse.mylyn.core.model.interest.propagation" StartDate="2010-11-11 01:07:45.625 CET" StructureHandle="=net.camelpe.project" StructureKind="java"/><InteractionEvent Delta="null" EndDate="2010-11-11 01:07:50.671 CET" Interest="1.0" Kind="propagation" Navigation="org.eclipse.mylyn.core.model.edges.containment" OriginId="org.eclipse.mylyn.core.model.interest.propagation" StartDate="2010-11-11 01:07:50.671 CET" StructureHandle="/" StructureKind="resource"/><InteractionEvent Delta="null" EndDate="2010-11-11 01:07:55.671 CET" Interest="1.0" Kind="edit" Navigation="null" OriginId="org.maven.ide.eclipse.editor.MavenPomEditor" StartDate="2010-11-11 01:07:55.671 CET" StructureHandle="/net.camelpe.project/pom.xml" StructureKind="resource"/><InteractionEvent Delta="null" EndDate="2010-11-11 01:07:49.921 CET" Interest="1.0" Kind="propagation" Navigation="null" OriginId="org.maven.ide.eclipse.editor.MavenPomEditor" StartDate="2010-11-11 01:07:49.921 CET" StructureHandle="/net.camelpe.project" StructureKind="resource"/><InteractionEvent Delta="null" EndDate="2010-11-11 01:05:49.78 CET" Interest="1.0" Kind="propagation" Navigation="null" OriginId="org.maven.ide.eclipse.editor.MavenPomEditor" StartDate="2010-11-11 01:05:49.78 CET" StructureHandle="/net.camelpe.project" StructureKind="resource"/><InteractionEvent Delta="null" EndDate="2010-11-11 01:07:53.890 CET" Interest="1.0000005" Kind="propagation" Navigation="org.eclipse.mylyn.core.model.edges.containment" OriginId="org.eclipse.mylyn.core.model.interest.propagation" StartDate="2010-11-11 01:07:53.890 CET" StructureHandle="/" StructureKind="resource"/><InteractionEvent Delta="null" EndDate="2010-11-11 01:07:45.625 CET" Interest="1.0" Kind="propagation" Navigation="null" OriginId="org.maven.ide.eclipse.editor.MavenPomEditor" StartDate="2010-11-11 01:07:45.625 CET" StructureHandle="/net.camelpe.project" StructureKind="resource"/><InteractionEvent Delta="null" EndDate="2010-11-11 01:07:46.828 CET" Interest="0.6999998" Kind="propagation" Navigation="org.eclipse.mylyn.core.model.edges.containment" OriginId="org.eclipse.mylyn.core.model.interest.propagation" StartDate="2010-11-11 01:07:46.828 CET" StructureHandle="=net.camelpe.project" StructureKind="java"/><InteractionEvent Delta="null" EndDate="2010-11-11 01:07:55.671 CET" Interest="0.6999998" Kind="propagation" Navigation="org.eclipse.mylyn.core.model.edges.containment" OriginId="org.eclipse.mylyn.core.model.interest.propagation" StartDate="2010-11-11 01:07:55.671 CET" StructureHandle="=net.camelpe.project" StructureKind="java"/><InteractionEvent Delta="null" EndDate="2010-11-11 01:07:53.890 CET" Interest="1.0" Kind="edit" Navigation="null" OriginId="org.maven.ide.eclipse.editor.MavenPomEditor" StartDate="2010-11-11 01:07:53.890 CET" StructureHandle="/net.camelpe.project/pom.xml" StructureKind="resource"/><InteractionEvent Delta="null" EndDate="2010-11-11 01:07:53.890 CET" Interest="0.6999998" Kind="propagation" Navigation="org.eclipse.mylyn.core.model.edges.containment" OriginId="org.eclipse.mylyn.core.model.interest.propagation" StartDate="2010-11-11 01:07:53.890 CET" StructureHandle="" StructureKind="java"/><InteractionEvent Delta="null" EndDate="2010-11-11 01:07:55.671 CET" Interest="1.0" Kind="propagation" Navigation="null" OriginId="org.maven.ide.eclipse.editor.MavenPomEditor" StartDate="2010-11-11 01:07:55.671 CET" StructureHandle="/net.camelpe.project" StructureKind="resource"/><InteractionEvent Delta="null" EndDate="2010-11-11 01:07:50.671 CET" Interest="1.0" Kind="edit" Navigation="null" OriginId="org.maven.ide.eclipse.editor.MavenPomEditor" StartDate="2010-11-11 01:07:50.671 CET" StructureHandle="/net.camelpe.project/pom.xml" StructureKind="resource"/><InteractionEvent Delta="null" EndDate="2010-11-11 01:07:51.375 CET" Interest="0.6999998" Kind="propagation" Navigation="org.eclipse.mylyn.core.model.edges.containment" OriginId="org.eclipse.mylyn.core.model.interest.propagation" StartDate="2010-11-11 01:07:51.375 CET" StructureHandle="=net.camelpe.project" StructureKind="java"/><InteractionEvent Delta="null" EndDate="2010-11-11 01:05:49.78 CET" Interest="1.0" Kind="selection" Navigation="null" OriginId="org.maven.ide.eclipse.editor.MavenPomEditor" StartDate="2010-11-11 01:05:49.78 CET" StructureHandle="/net.camelpe.project/pom.xml" StructureKind="resource"/><InteractionEvent Delta="null" EndDate="2010-11-11 01:07:51.953 CET" Interest="0.7000003" Kind="propagation" Navigation="org.eclipse.mylyn.core.model.edges.containment" OriginId="org.eclipse.mylyn.core.model.interest.propagation" StartDate="2010-11-11 01:07:51.953 CET" StructureHandle="=net.camelpe.project" StructureKind="java"/><InteractionEvent Delta="null" EndDate="2010-11-11 01:07:50.671 CET" Interest="1.0" Kind="propagation" Navigation="null" OriginId="org.maven.ide.eclipse.editor.MavenPomEditor" StartDate="2010-11-11 01:07:50.671 CET" StructureHandle="/net.camelpe.project" StructureKind="resource"/><InteractionEvent Delta="null" EndDate="2010-11-11 01:07:51.953 CET" Interest="1.0" Kind="propagation" Navigation="org.eclipse.mylyn.core.model.edges.containment" OriginId="org.eclipse.mylyn.core.model.interest.propagation" StartDate="2010-11-11 01:07:51.953 CET" StructureHandle="/" StructureKind="resource"/><InteractionEvent Delta="null" EndDate="2010-11-11 01:05:49.78 CET" Interest="1.0" Kind="propagation" Navigation="org.eclipse.mylyn.core.model.edges.containment" OriginId="org.eclipse.mylyn.core.model.interest.propagation" StartDate="2010-11-11 01:05:49.78 CET" StructureHandle="/" StructureKind="resource"/></InteractionHistory>